,,,,,,,,,,,,,,,,,"% Sobre o
Vl Total"
Seq.,,Produto,,,Unidade,,,,,,,,,,,,
,,,,,,,Cl,,Custo Unitário,,Qtd Consumo,,Vl Custo Período,,Custo Acumulado,,
1,8446,,(BC)BOLSA COLETORA URINA SF UROZAMM ADULTO 2000ML,UNIDADE,,,,"9,1965",,30,,"275,90",,"275,90",,"0,02 %",
2,8033,,(BC)BOLSA COLOSTOMIA TRANSP RECORTAVEL ADULTO 19-64MM-22771,UNIDADE,,,,"10,1091",,1,,"10,11",,"286,01",,"0,00 %",
3,8807,,(BC)FORRACAO ORTOPEDICA CALCANEO/TORNOZELO SALVAPE,UNIDADE,,,,"17,0002",,19,,"323,00",,"609,01",,"0,03 %",
4,70745,,(BC)LAMINA TRICOMIZADOR ELETRICO MEDLINE-DYND70880,UNIDADE,,,,"17,1142",,1,,"17,11",,"626,12",,"0,00 %",
5,9033,,"(BC)LUVA CIRURGICA ESTERIL LATEX C/PO SENSITEX PAR 6,5",UNIDADE,,,,"1,5381",,4,,"6,15",,"632,28",,"0,00 %",
6,9035,,"(BC)LUVA CIRURGICA ESTERIL LATEX C/PO SENSITEX PAR 7,0",UNIDADE,,,,"1,6367",,305,,"499,20",,"1.131,48",,"0,04 %",
7,9037,,"(BC)LUVA CIRURGICA ESTERIL LATEX C/PO SENSITEX PAR 7,5",UNIDADE,,,,"2,1016",,79,,"166,03",,"1.297,51",,"0,01 %",
8,9039,,"(BC)LUVA CIRURGICA ESTERIL LATEX C/PO SENSITEX PAR 8,0",UNIDADE,,,,"1,8078",,4,,"7,23",,"1.304,74",,"0,00 %",
9,28477,,"(BC)LUVA CIRURGICA ESTERIL LATEX S/PO SENSIFREE PAR 6,5",UNIDADE,,,,"2,8592",,7,,"20,01",,"1.324,75",,"0,00 %",
10,15248,,"(BC)LUVA CIRURGICA ESTERIL S/LATEX S/PO SENSITOUCH PAR 6,5",UNIDADE,,,,"8,8134",,61,,"537,62",,"1.862,37",,"0,04 %",
11,15249,,"(BC)LUVA CIRURGICA ESTERIL S/LATEX S/PO SENSITOUCH PAR 7,0",UNIDADE,,,,"10,1234",,11,,"111,36",,"1.973,73",,"0,01 %",
12,15250,,"(BC)LUVA CIRURGICA ESTERIL S/LATEX S/PO SENSITOUCH PAR 7,5",UNIDADE,,,,"8,0275",,86,,"690,36",,"2.664,09",,"0,05 %",
13,15251,,"(BC)LUVA CIRURGICA ESTERIL S/LATEX S/PO SENSITOUCH PAR 8,0",UNIDADE,,,,"7,2343",,14,,"101,28",,"2.765,37",,"0,01 %",
14,15252,,"(BC)LUVA CIRURGICA ESTERIL S/LATEX S/PO SENSITOUCH PAR 8,5",UNIDADE,,,,"7,2450",,2,,"14,49",,"2.779,86",,"0,00 %",
15,17996,,(BC)MASCARA LARINGEA DESCART AURAONCE 02 10-20KG-321200000,UNIDADE,,,,"47,3764",,5,,"236,88",,"3.016,74",,"0,02 %",
16,17998,,(BC)MASCARA LARINGEA DESCART AURAONCE 05 70-100KG-321500000,UNIDADE,,,,"48,2388",,4,,"192,96",,"3.209,70",,"0,02 %",
17,18035,,(BC)MASCARA LARINGEA DESCART AURAONCE 2.5 20-30KG-32125000,UNIDADE,,,,"52,3365",,5,,"261,68",,"3.471,38",,"0,02 %",
18,32178,,(BC)OSCAL 500MG COMP REV-CARBONATO CALCIO,COMP C/500MG,,,,"1,7141",,10,,"17,14",,"3.488,52",,"0,00 %",
19,8511,,(BC)PROTETOR PELE BARREIRA CAVILON SPR 28ML FR-3346BR,UNIDADE,,,,"38,7814",,19,,"736,85",,"4.225,37",,"0,06 %",
20,9444,,(BC)SONDA NASOGASTRICA LEVINE PVC 14 LONGA,UNIDADE,,,,"0,7750",,10,,"7,75",,"4.233,12",,"0,00 %",
21,59,,AAS 100MG COMP-ACIDO ACETILSALICILICO,COMP C/100MG,,C,,"0,4219",,209,,"88,18",,"4.321,30",,"0,01 %",
22,7903,,ABAIXADOR LINGUA ESTERIL MADEIRA INDIVIDUAL THEOTO-35212,UNIDADE,,C,,"0,2010",,1000,,"200,99",,"4.522,29",,"0,02 %",
23,7906,,ABSORVENTE HIGIENICO S/ABA UNISSEX GERIATRICO MARDAM,UNIDADE,,C,,"1,2141",,95,,"115,34",,"4.637,63",,"0,01 %",
24,209890,,ACETILCISTEINA 600 MG ENV-EMS,ENV C/600MG,,,,"0,9781",,44,,"43,04",,"4.680,66",,"0,00 %",
25,38,,ACICLOVIR 200MG COMP EUROFARMA,COMP C/200MG,,,,"1,2038",,13,,"15,65",,"4.696,31",,"0,00 %",
26,104282,,ACIDO TRANEXAMICO 50MG/ML-5ML AMP EV HIPOLABOR,AMP C/250MG,,,,"3,4600",,124,,"429,04",,"5.125,35",,"0,03 %",
27,66260,,ACLASTA 5MG-100ML FR-ACIDO ZOLEDRONICO,FR C/5MG,,,,"521,2946",,1,,"521,29",,"5.646,65",,"0,04 %",
28,215,,ACTILYSE 50MG-50ML FR/AMP EV-ALTEPLASE,FA C/50MG,,C,,"2.652,4084",,1,,"2.652,41",,"8.299,06",,"0,21 %",
29,47694,,ADDERA D3 10.000UI/ML-10ML FR GTS-COLECALCIFEROL(VIT D),FRASC C/10ML,,C,,"103,6820",,1,,"103,68",,"8.402,74",,"0,01 %",
30,3184,,AEROLIN 100MCG/DOSE-200DOSES FR AER ORAL-SALBUTAMOL,FRASC C/200DS,,C,,"21,1442",,169,,"3.573,37",,"11.976,11",,"0,28 %",
31,144,,AGUA DESTILADA 10ML AMP ISOFARMA,AMP C/10ML,,C,,"0,3136",,3188,,"999,65",,"12.975,75",,"0,08 %",
32,161306,,AGUA DESTILADA SF 1000 ML FR - BBRAUN,FRASC C/1000ML,,,,"6,0088",,28,,"168,25",,"13.144,00",,"0,01 %",
33,7964,,"AGULHA ANEST PLEXO STIMUPLEX 22GX2POL 0,7X50MM-4894502",UNIDADE,,C,,"58,0922",,6,,"348,55",,"13.492,56",,"0,03 %",
34,7925,,"AGULHA ANEST RAQUI QUINCKE 22GX3 1/2POL 0,70X88MM-408377",UNIDADE,,C,,"7,4909",,9,,"67,42",,"13.559,97",,"0,01 %",
35,7920,,"AGULHA ANEST RAQUI QUINCKE 25GX3 1/2POL 0,53X88MM-408379",UNIDADE,,C,,"10,7554",,25,,"268,88",,"13.828,86",,"0,02 %",
36,7923,,"AGULHA ANEST RAQUI WHITACRE 27GX3 1/2POL 0,42X88MM-408394",UNIDADE,,C,,"20,8340",,15,,"312,51",,"14.141,37",,"0,02 %",
37,43595,,AGULHA CROCHE ESTERIL N10-,UNIDADE,,C,,"6,1238",,2,,"12,25",,"14.153,62",,"0,00 %",
,,,,,,,,,,,,,,,,,"% Sobre o
Vl Total"
Seq.,,Produto,,,Unidade,,,,,,,,,,,,
,,,,,,,Cl,,Custo Unitário,,Qtd Consumo,,Vl Custo Período,,Custo Acumulado,,
,,,299142,,,,,,,,,,,,,,
38,23328,,"AGULHA HIPODERMICA ASPIRACAO 18G 1,20X25MM-305243",UNIDADE,,C,,"0,1121",,8525,,"956,07",,"15.109,69",,"0,07 %",
39,28000,,"AGULHA HIPODERMICA C/DISP SEG ECLIPSE 0,4X13MM-30281264",UNIDADE,,C,,"0,3925",,373,,"146,41",,"15.256,10",,"0,01 %",
40,199812,,"AGULHA HIPODERMICA C/DISP SEG ECLIPSE 0,60X25MM-30281464",UNIDADE,,,,"0,4649",,330,,"153,41",,"15.409,51",,"0,01 %",
41,23327,,"AGULHA HIPODERMICA C/DISP SEG ECLIPSE 0,80X30MM-305818",UNIDADE,,C,,"0,3979",,56,,"22,28",,"15.431,79",,"0,00 %",
42,78226,,"AGULHA HIPODERMICA C/DISP SEG WILTEX 0,4X13MM-AQZ2713",UNIDADE,,,,"0,4700",,218,,"102,46",,"15.534,25",,"0,01 %",
43,78232,,"AGULHA HIPODERMICA C/DISP SEG WILTEX 0,80X30MM-MDL2130S",UNIDADE,,,,"0,5561",,7,,"3,89",,"15.538,15",,"0,00 %",
44,7954,,"AGULHA HIPODERMICA PRECISIONGLIDE 18GA 1,2X40MM-300017",UNIDADE,,,,"0,1034",,208,,"21,50",,"15.559,65",,"0,00 %",
45,199810,,"AGULHA HIPODERMICA PRECISIONGLIDE 27G 0,40X13MM-301982",UNIDADE,,,,"0,0951",,27,,"2,57",,"15.562,21",,"0,00 %",
46,60702,,ALBUMINA HUMANA 200MG/ML(20%)-50ML FR/AMP GRIFOLS,FA C/10000MG,,,,"144,0001",,15,,"2.160,00",,"17.722,22",,"0,17 %",
47,175897,,ALCOOL ANTISSEPTICO VIC PHARMA 70%-100ML FR,UNIDADE,,,,"1,5602",,4,,"6,24",,"17.728,46",,"0,00 %",
48,7969,,ALCOOL ETILICO RIO QUIMICA 70%-1L FR,UNIDADE,,C,,"6,6719",,6,,"40,03",,"17.768,49",,"0,00 %",
49,187,,ALFAST 544MCG/ML-5ML AMP EV-ALFENTANILA,AMP C/2720MCG,,C,,"18,8262",,16,,"301,22",,"18.069,71",,"0,02 %",
50,7970,,ALGODAO HIDROFILO BOLA CREMER 95G-202212,UNIDADE,,C,,"8,8501",,7,,"61,95",,"18.131,66",,"0,00 %",
51,1556,,ALLEGRA 6MG/ML-150ML FR SUSP-FEXOFENADINA,FRASC C/150ML,,C,,"73,1292",,1,,"73,13",,"18.204,79",,"0,01 %",
52,32194,,AMICACINA 250MG/ML-2ML AMP EV/IM TEUTO,AMP C/500MG,,C,,"3,1114",,4,,"12,45",,"18.217,23",,"0,00 %",
53,39307,,AMIODARONA 200MG COMP MEDLEY,COMP C/200MG,,C,,"0,8361",,11,,"9,20",,"18.226,43",,"0,00 %",
54,267,,AMOXICILINA 500MG CAPS EUROFARMA,CAPS C/500MG,,,,"0,9589",,15,,"14,38",,"18.240,81",,"0,00 %",
55,253,,"AMOXICILINA/CLAVULANATO POT 250/62,5MG/5ML-75ML FR SUSP EMS",FRASC C/75ML,,C,,"20,7632",,1,,"20,76",,"18.261,58",,"0,00 %",
56,157013,,AMOXICILINA/CLAVULANATO POTASSIO 500/125MG COMP REV EMS,COMPRIMIDO,,,,"1,1231",,23,,"25,83",,"18.287,41",,"0,00 %",
57,245,,AMYTRIL 25MG COMP REV-AMITRIPTILINA,COMP C/25MG,,C,,"0,1601",,4,,"0,64",,"18.288,05",,"0,00 %",
58,307,,ANLODIPINO 5MG COMP MEDLEY,COMP C/5MG,,,,"0,1262",,136,,"17,16",,"18.305,21",,"0,00 %",
59,57124,,ANSENTRON 2MG/ML-2ML AMP EV/IM-ONDANSETRONA,AMP C/4MG,,C,,"2,6093",,57,,"148,73",,"18.453,94",,"0,01 %",
60,45094,,ANSENTRON 2MG/ML-4ML AMP IM/EV-ONDANSETRONA,AMP C/8MG,,C,,"4,6587",,48,,"223,62",,"18.677,56",,"0,02 %",
61,202157,,ANTARA IV 100 MG/ML-5ML FR/AMP EV(LEVETIRACETAM),FA C/500MG,,,,"6,2922",,8,,"50,34",,"18.727,90",,"0,00 %",
62,9531,,APARELHO TRICOTOMIA DESCART CABECA FIXA LAMINA SIMPLES,UNIDADE,,C,,"1,0935",,2,,"2,19",,"18.730,08",,"0,00 %",
63,1857,,APRESOLINA 25MG DRG-HIDRALAZINA,DRAGEA,,C,,"0,4044",,727,,"294,02",,"19.024,10",,"0,02 %",
64,2322,,ARAMIN 10MG/ML-1ML AMP IM/EV-METARAMINOL,AMP C/10MG,,C,,"15,6986",,16,,"251,18",,"19.275,28",,"0,02 %",
65,7986,,"ATADURA ALGODAO ORTOPEDICA CREMER 10CMX1,80M-156836",UNIDADE,,,,"1,0746",,18,,"19,34",,"19.294,62",,"0,00 %",
66,7982,,"ATADURA ALGODAO ORTOPEDICA CREMER 15CMX1,80M-156850",UNIDADE,,,,"1,5779",,134,,"211,44",,"19.506,07",,"0,02 %",
67,7984,,"ATADURA ALGODAO ORTOPEDICA CREMER 20CMX1,80M-156867",UNIDADE,,,,"2,0676",,66,,"136,46",,"19.642,53",,"0,01 %",
68,204394,,"ATADURA CREPE 15CMX1,8M 13F NEVE-791190000900",UNIDADE,,,,"1,0652",,161,,"171,50",,"19.814,03",,"0,01 %",
69,204391,,"ATADURA CREPE 20CMX1,8M 13F NEVE-791190001100",UNIDADE,,,,"1,1342",,24,,"27,22",,"19.841,25",,"0,00 %",
70,204392,,"ATADURA CREPE 30CMX1,8M 13F NEVE-791190001500",UNIDADE,,,,"3,7802",,3,,"11,34",,"19.852,59",,"0,00 %",
71,36052,,"ATADURA CREPOM NEVE 13 FIOS 10CMX1,80M-7911905",UNIDADE,,,,"1,1342",,66,,"74,86",,"19.927,45",,"0,01 %",
72,7994,,ATADURA GESSADA CREMER 10CMX3M-216080,UNIDADE,,C,,"1,6944",,9,,"15,25",,"19.942,70",,"0,00 %",
,,,,,,,,,,,,,,,,,"% Sobre o
Vl Total"
Seq.,,Produto,,,Unidade,,,,,,,,,,,,
,,,,,,,Cl,,Custo Unitário,,Qtd Consumo,,Vl Custo Período,,Custo Acumulado,,
73,7995,,ATADURA GESSADA CREMER 15CMX3M-214352,UNIDADE,,C,,"2,8565",,68,,"194,25",,"20.136,94",,"0,02 %",
74,7996,,ATADURA GESSADA CREMER 20CMX4M-216097,UNIDADE,,C,,"4,5191",,26,,"117,50",,"20.254,44",,"0,01 %",
75,83560,,ATENOLOL 25MG COMP REV SANDOZ,COMP C/25MG,,,,"0,0500",,3,,"0,15",,"20.254,59",,"0,00 %",
76,899,,ATENSINA 100MCG COMP-CLONIDINA,COMP C/100MCG,,C,,"0,2548",,139,,"35,41",,"20.290,00",,"0,00 %",
77,332,,ATORVASTATINA 20MG COMP REV EMS,COMP C/20MG,,C,,"0,2836",,12,,"3,40",,"20.293,41",,"0,00 %",
78,104430,,"ATROFARMA 0,25MG/ML-1ML AMP EV-ATROPINA","AMP C/0,25MG",,,,"1,2364",,75,,"92,73",,"20.386,14",,"0,01 %",
79,346,,ATROPINA 10MG/ML-5ML FR OFTAL-ATROPINA,FRASC C/5ML,,C,,"11,1327",,12,,"133,59",,"20.519,73",,"0,01 %",
80,2706,,"ATURGYL 0,5MG/ML-15ML FR INAL-OXIMETAZOLINA",FRASC C/15ML,,C,,"15,6197",,13,,"203,06",,"20.722,79",,"0,02 %",
81,201608,,AVENTAL CIRURGICO STD ESTERIL G  40G-227014,UNIDADE,,,,"11,0560",,740,,"8.181,42",,"28.904,21",,"0,64 %",
82,201609,,AVENTAL CIRURGICO STD ESTERIL XG 40G-227033,UNIDADE,,,,"11,4500",,50,,"572,50",,"29.476,71",,"0,04 %",
83,217083,,AVENTAL DESC POLIPROPILENO MANGA LONGA 25G 120X140CM-PA0779,UNIDADE,,,,"2,1800",,1000,,"2.180,00",,"31.656,71",,"0,17 %",
84,8005,,AVENTAL SMS DESCART ESTERIL MANGA/PUNHO AZUL 40GR G-A4SMSG,UNIDADE,,,,"11,9004",,1,,"11,90",,"31.668,61",,"0,00 %",
85,44083,,AVIDE 100MG CAPS-RACECADOTRILA,CAPS C/100MG,,C,,"2,5412",,81,,"205,83",,"31.874,45",,"0,02 %",
86,181918,,AXIFLENNID 1MG/ML-100ML BOLSA EV-CETOPROFENO,BOLSA C/100MG,,,,"5,1958",,43,,"223,42",,"32.097,87",,"0,02 %",
87,354,,AZITROMICINA 500MG COMP REV EUROFARMA,COMP C/500MG,,,,"2,9074",,42,,"122,11",,"32.219,98",,"0,01 %",
88,46413,,AZITROMICINA 500MG FR/AMP EV CRISTALIA,FA C/500MG,,C,,"13,0000",,14,,"182,00",,"32.401,98",,"0,01 %",
89,31952,,AZITROMICINA 600MG(200MG/5ML-15ML)FR PO SUSP EMS,FRASC C/15ML,,C,,"20,2711",,3,,"60,81",,"32.462,79",,"0,00 %",
90,357,,AZITROMICINA 600MG(200MG/5ML-15ML)FR PO SUSP EUROFARMA,FRASC C/15ML,,C,,"35,5000",,2,,"71,00",,"32.533,79",,"0,01 %",
91,43645,,AZTREONAM 1.000MG FR/AMP EV/IM BIOCHIMICO,FA C/1000MG,,C,,"44,2889",,22,,"974,36",,"33.508,15",,"0,08 %",
92,361,,AZUL METILENO 20MG/ML(2%)-5ML AMP EV(MANIPULADO),AMP C/100MG,,C,,"2,9190",,3,,"8,76",,"33.516,91",,"0,00 %",
93,3308,,BAC SULFITRIN 80/16 MG/ML-5ML AMP EV (SULFAMETOXAZOL/TRIMETO,AMPOLA,,C,,"3,9286",,59,,"231,79",,"33.748,69",,"0,02 %",
94,365,,BACLOFENO 10MG COMP UNIAO QUIMICA,COMP C/10MG,,C,,"0,4400",,12,,"5,28",,"33.753,97",,"0,00 %",
95,3300,,BACTRIM 400/80MG COMP-SULFAMETOXAZOL/TRIMETOPRIMA,COMPRIMIDO,,C,,"1,1649",,1,,"1,16",,"33.755,14",,"0,00 %",
96,3309,,BACTRIM F 800/160MG COMP-SULFAMETOXAZOL/TRIMETOPRIMA,COMPRIMIDO,,C,,"2,8789",,13,,"37,43",,"33.792,56",,"0,00 %",
97,36944,,BANDAGEM ELASTICA ESTERIL FAIXA SMARCH 15CMX2M-207005,UNIDADE,,C,,"18,0652",,2,,"36,13",,"33.828,69",,"0,00 %",
98,3424,,BENERVA 300MG COMP REV-TIAMINA(VIT B1),COMPRIMIDO,,C,,"0,8370",,12,,"10,04",,"33.838,74",,"0,00 %",
99,11626,,BENICAR 40MG COMP REV-OLMESARTANA,COMP C/40MG,,C,,"1,6896",,36,,"60,82",,"33.899,56",,"0,00 %",
100,1168,,BEPANTOL 50MG/G-30G BG POM TOP-DEXPANTENOL,BISN C/30G,,C,,"15,8569",,22,,"348,85",,"34.248,41",,"0,03 %",
101,34593,,BEPEBEN 1.200.000UI/4ML FR/AMP IM-BENZILPENICILINA BENZAT,FRASCO/AMPOL,,C,,"6,1000",,45,,"274,50",,"34.522,91",,"0,02 %",
102,38493,,BETACRIS 1MG/ML-5ML AMP EV-METOPROLOL TART,AMP C/5MG,,C,,"16,1120",,5,,"80,56",,"34.603,47",,"0,01 %",
103,55993,,"BICARBONATO SODIO 84MG/ML(8,4%)-10ML AMP EV SAMTEC",AMP C/10ML,,C,,"0,9125",,225,,"205,32",,"34.808,79",,"0,02 %",
104,462,,"BICARBONATO SODIO 84MG/ML(8,4%)-250ML FR EV FRESENIUS",FRASC C/250ML,,C,,"30,7013",,89,,"2.732,42",,"37.541,21",,"0,21 %",
105,212915,,BIMZELX 160 MG/ML-1ML CAN PREEN SC(BIMEQUIZUMABE),CAN C/1ML,,,,"5.904,4900",,2,,"11.808,98",,"49.350,19",,"0,92 %",
106,11221,,BINELLI 30MG/ML-10ML FR GTS-DROPROPIZINA,FRASC C/10ML,,C,,"19,2667",,12,,"231,20",,"49.581,39",,"0,02 %",
107,488,,"BISOPROLOL 2,5MG COMP EMS","COMP C/2,5MG",,,,"0,5942",,144,,"85,57",,"49.666,96",,"0,01 %",
108,43035,,BOLSA SOLUCAO PARENTERAL MIX BAG 100ML-2112378,UNIDADE,,,,"23,8000",,100,,"2.380,00",,"52.046,96",,"0,19 %",
,,,,,,,,,,,,,,,,,"% Sobre o
Vl Total"
Seq.,,Produto,,,Unidade,,,,,,,,,,,,
,,,,,,,Cl,,Custo Unitário,,Qtd Consumo,,Vl Custo Período,,Custo Acumulado,,
109,3433,,BRILINTA 90MG COMP REV-TICAGRELOR,COMP C/90MG,,C,,"6,8488",,12,,"82,19",,"52.129,15",,"0,01 %",
110,214992,,BRYONY 100 MG/ML-2ML FR/AMP EV(SUGAMADEX),FA C/200MG,,,,"24,0000",,77,,"1.848,00",,"53.977,15",,"0,14 %",
111,72166,,BUDESONIDA 32MCG-120 DOSES FR SPR INAL EMS,FRASC C/120DS,,,,"16,7377",,16,,"267,80",,"54.244,95",,"0,02 %",
112,44536,,BUPROPIONA 150MG COMP LIB PROL EMS,COMP C/150MG,,C,,"3,7052",,1,,"3,71",,"54.248,65",,"0,00 %",
113,1400,,BUSCOPAN 10MG DRG-ESCOPOLAMINA,DRAGEA,,C,,"1,0636",,9,,"9,57",,"54.258,23",,"0,00 %",
114,23407,,CAMARA NEBULIZACAO RETRATIL AEROPUFF CONTADOR-103310,UNIDADE,,C,,"35,2175",,5,,"176,09",,"54.434,31",,"0,01 %",
115,8073,,CAMPO CIRURGICO ADESIVO INCISIONAL IOBAN 66X45CM-6650,UNIDADE,,,,"63,8070",,13,,"829,49",,"55.263,80",,"0,06 %",
116,204080,,CAMPO CIRURGICO SMS FENESTRADO 10CM ESTERIL 80X80CM-225182,UNIDADE,,,,"2,4009",,10,,"24,01",,"55.287,81",,"0,00 %",
117,171249,,CANETA ELETROBISTURI BAISHENG-0039D,UNIDADE,,,,"10,6810",,53,,"566,09",,"55.853,91",,"0,04 %",
118,181975,,CANULA NASAL INFANTIL OPTIFLOW JR 2 23L/MIN-OJR416,UNIDADE,,,,"537,1991",,1,,"537,20",,"56.391,10",,"0,04 %",
119,212581,,CAPA EQUIPAMENTO VIDEOCIRURGIA EST 150X2500MM-T0097,UNIDADE,,,,"3,1000",,163,,"505,30",,"56.896,40",,"0,04 %",
120,44281,,CAPTOPRIL 25MG COMP SANOFI MEDLEY,COMP C/25MG,,C,,"0,1197",,5,,"0,60",,"56.897,00",,"0,00 %",
121,653,,CARBOLITIUM 300MG COMP-CARBONATO LITIO ,COMP C/300MG,,C,,"0,8508",,4,,"3,40",,"56.900,41",,"0,00 %",
122,23687,,CARDIOXANE 500MG FR/AMP EV-DEXRAZOXANO(QT),FA C/500MG,,,,"1.417,2780",,1,,"1.417,28",,"58.317,68",,"0,11 %",
123,36421,,"CARVEDILOL 12,5MG COMP BIOSINTETICA","COMP C/12,5MG",,C,,"0,1924",,6,,"1,15",,"58.318,84",,"0,00 %",
124,190034,,CAT VENOSO CENTRAL ARROWG ARD BLUE PLUS 7FR 20CM-CV45703E,UNIDADE,,,,"290,0000",,5,,"1.450,00",,"59.768,84",,"0,11 %",
125,23061,,CATETER INTRAV PERIF C/DISPO SEG AUTOGUARD BD 14G-38186714,UNIDADE,,C,,"5,2924",,7,,"37,05",,"59.805,89",,"0,00 %",
126,24040,,CATETER INTRAV PERIF C/DISPO SEG AUTOGUARD BD 16G-381854,UNIDADE,,C,,"3,4949",,8,,"27,96",,"59.833,84",,"0,00 %",
127,23171,,CATETER INTRAV PERIF C/DISPO SEG AUTOGUARD BD 18G-381844,UNIDADE,,C,,"2,5298",,28,,"70,83",,"59.904,68",,"0,01 %",
128,83144,,CATETER INTRAV PERIF C/DISPO SEG AUTOGUARD BD 20G-38183314,UNIDADE,,,,"2,8968",,59,,"170,91",,"60.075,59",,"0,01 %",
129,23183,,CATETER INTRAV PERIF C/DISPO SEG AUTOGUARD BD 22G-381823,UNIDADE,,C,,"2,7679",,546,,"1.511,26",,"61.586,85",,"0,12 %",
130,23185,,CATETER INTRAV PERIF C/DISPO SEG AUTOGUARD BD 24G-381812,UNIDADE,,C,,"3,8178",,48,,"183,25",,"61.770,10",,"0,01 %",
131,29144,,CATETER INTRAV PERIFERICO C/DISPO SEG ADVA 22G-11336,UNIDADE,,,,"2,0957",,26,,"54,49",,"61.824,59",,"0,00 %",
132,215710,,CATETER INTRAVENOSO PERIF C/ DISP SEG INSYTE 20G-38183414,UNIDADE,,,,"3,0227",,14,,"42,32",,"61.866,91",,"0,00 %",
133,8293,,"CATETER NASAL OXIG OCULOS AD 1,4M-266108",UNIDADE,,C,,"1,5223",,2,,"3,04",,"61.869,95",,"0,00 %",
134,150708,,CATETER NASAL OXIG OCULOS FOYOMED NEO 2M 4FR-LB141321,UNIDADE,,,,"6,1607",,1,,"6,16",,"61.876,12",,"0,00 %",
135,178286,,CATETER NASAL OXIG OCULOS FOYOMED PED 2M-LB141322,UNIDADE,,,,"5,9800",,4,,"23,92",,"61.900,04",,"0,00 %",
136,45366,,"CATETER NASAL OXIG OCULOS GMI NEO 2,1M-23006",UNIDADE,,,,"25,6326",,2,,"51,27",,"61.951,30",,"0,00 %",
137,202572,,"CATETER NASAL OXIG OCULOS GOODCOME ADULTO 2,05M-GC8022A01",UNIDADE,,,,"5,8628",,153,,"897,01",,"62.848,31",,"0,07 %",
138,209917,,CATETER NASAL OXIGENIO TIPO OCULOS ADULTO 12FR-R01B06011F,UNIDADE,,,,"6,1552",,2,,"12,31",,"62.860,62",,"0,00 %",
139,214292,,CATETER VENOSO CENT ARROWGARD DUPLO LUMEN 7FR 20CM-CV477,UNIDADE,,,,"245,0000",,6,,"1.470,00",,"64.330,62",,"0,11 %",
140,8393,,CATETER VENOSO CENTRAL ARROW 7FR 20CM 2LUM-CV17702E,UNIDADE,,,,"120,1778",,1,,"120,18",,"64.450,80",,"0,01 %",
141,82693,,CATETER VENOSO POWERPICC 3CG 5FR 55CM 2LUM-4275118,UNIDADE,,,,"1.004,8857",,1,,"1.004,89",,"65.455,68",,"0,08 %",
142,808,,CEBRALAT 100MG COMP-CILOSTAZOL,COMP C/100MG,,C,,"1,1142",,6,,"6,69",,"65.462,37",,"0,00 %",
143,104220,,CEFEPIMA 1.000MG FR/AMP EV/IM-,FA C/1000MG,,,,"7,4956",,8,,"59,96",,"65.522,33",,"0,00 %",
,,,,,,,,,,,,,,,,,"% Sobre o
Vl Total"
Seq.,,Produto,,,Unidade,,,,,,,,,,,,
,,,,,,,Cl,,Custo Unitário,,Qtd Consumo,,Vl Custo Período,,Custo Acumulado,,
,,,TEUTO,,,,,,,,,,,,,,
144,144330,,CEFTAZIDON 1.000MG FR/AMP EV-CEFTAZIDIMA,FA C/1000MG,,,,"14,9700",,25,,"374,25",,"65.896,58",,"0,03 %",
145,214999,,CEFTRIAXONA 1.000 MG FR/AMP IM-BLAU,FA C/1000MG,,,,"53,3653",,2,,"106,73",,"66.003,31",,"0,01 %",
146,708,,CEFTRIAXONA 1.000MG FR/AMP EV ABL,FA C/1000MG,,C,,"4,8117",,405,,"1.948,75",,"67.952,06",,"0,15 %",
147,2403,,CELLCEPT 500MG COMP REV-MICOFENOLATO MOFETILA,COMP C/500MG,,C,,"7,8445",,6,,"47,07",,"67.999,13",,"0,00 %",
148,2926,,CERNE-12 5ML FR/AMP-POLIVITAMINICO,FRASCO/AMPOL,,C,,"27,8826",,11,,"306,71",,"68.305,83",,"0,02 %",
149,175584,,CETROLAC 30MG/ML-1ML AMP IM/EV (TROMETAMINA CETOROLACO),AMP C/30MG,,,,"2,9041",,53,,"153,92",,"68.459,75",,"0,01 %",
150,53382,,CIMETIDINA 150MG/ML-2ML FR/AMP EV/IM TEUTO,FA C/300MG,,C,,"1,7546",,1,,"1,75",,"68.461,50",,"0,00 %",
151,61254,,CIMZIA 200MG/ML-1ML SER PREEN SC-CERTOLIZUMABE(GELAD),SERINGA PREEN,,,,"1.315,5166",,2,,"2.631,03",,"71.092,54",,"0,21 %",
152,33896,,CIRCUITO RESPIRATORIO ALTO FLUXO OPTIFLOW JR-RT330,UNIDADE,,,,"685,2173",,4,,"2.740,87",,"73.833,41",,"0,21 %",
153,158365,,CIRCUITO RESPIRATORIO ANESTESIA C/RAMAL AD 3M-YCAA3R15B3,UNIDADE,,,,"35,4683",,38,,"1.347,80",,"75.181,20",,"0,11 %",
154,200232,,CIRCUITO RESPIRATORIO EXPAN P/ ANESTESIA PED 3M-038021816,UNIDADE,,,,"50,4629",,1,,"50,46",,"75.231,67",,"0,00 %",
155,23820,,CIS 2MG/ML-5ML FR/AMP EV-CISATRACURIO(GELAD),FA C/10MG,,C,,"13,5232",,100,,"1.352,32",,"76.583,99",,"0,11 %",
156,3670,,CITONEURIN 100MG/100MG/5.000MCG DRG-VIT B1/B6/B12,DRAGEA,,C,,"3,0374",,1,,"3,04",,"76.587,03",,"0,00 %",
157,8859,,CLAMP FECHAMENTO NAO ESTERIL CONVATEC-175635,UNIDADE,,C,,"3,6224",,1,,"3,62",,"76.590,65",,"0,00 %",
158,1358,,"CLEXANE 60MG/0,6ML SER SC-ENOXAPARINA",SERINGA PREEN,,,,"27,1762",,9,,"244,59",,"76.835,24",,"0,02 %",
159,1668,,CLINDAMICINA 150MG/ML-4ML AMP EV UNIAO QUIMICA,AMP C/600MG,,,,"3,0034",,55,,"165,19",,"77.000,42",,"0,01 %",
160,40455,,CLISTEROL 120MG/ML-500ML FR RETAL-GLICEROL,FRASC C/500ML,,C,,"11,4435",,4,,"45,77",,"77.046,20",,"0,00 %",
161,892,,"CLOPAM 0,5 MG COMP(CLONAZEPAM)","COMP C/0,5MG",,,,"0,1471",,4,,"0,59",,"77.046,79",,"0,00 %",
162,210356,,CLOPAM 2 MG COMP(CLONAzepam),COMP C/2MG,,,,"2,0000",,3,,"6,00",,"77.052,79",,"0,00 %",
163,210355,,"CLOPAM 2,5 MG/ML-20ML FR SOL ORAL (CLONAzepam)",FRASC C/20ML,,,,"11,4999",,1,,"11,50",,"77.064,29",,"0,00 %",
164,907,,CLOPIDOGREL 75MG COMP REV EMS,COMP C/75MG,,,,"0,7779",,35,,"27,23",,"77.091,51",,"0,00 %",
165,13569,,CLORETO CALCIO 100MG/ML(10%)-10ML AMP EV(MANIPULADO),FRASC C/10ML,,C,,"3,2945",,5,,"16,47",,"77.107,98",,"0,00 %",
166,919,,CLORETO POTASSIO 100MG/ML(10%)-10ML AMP OCTOG EV ISOFARMA,AMP C/10ML,,C,,"0,3831",,301,,"115,30",,"77.223,28",,"0,01 %",
167,921,,"CLORETO POTASSIO 191MG/ML(19,1%)-10ML AMP EV ISOFARMA",AMP C/10ML,,C,,"0,5239",,65,,"34,05",,"77.257,34",,"0,00 %",
168,45350,,"CLORETO SODIO 0,9%-1.000ML FR ISENTO PVC EV HALEX ISTAR",FRASC C/1000ML,,,,"7,5843",,187,,"1.418,26",,"78.675,60",,"0,11 %",
169,939,,"CLORETO SODIO 0,9%-1.000ML PVC EV BAXTER",FRASC C/1000ML,,C,,"5,3314",,89,,"474,49",,"79.150,09",,"0,04 %",
170,45382,,"CLORETO SODIO 0,9%-100ML FR  ISENTO PVC EV HALEX ISTAR",FRASC C/100ML,,,,"4,6891",,129,,"604,89",,"79.754,98",,"0,05 %",
171,941,,"CLORETO SODIO 0,9%-100ML PVC EV BAXTER",FRASC C/100ML,,C,,"2,6757",,1640,,"4.388,09",,"84.143,07",,"0,34 %",
172,78798,,"CLORETO SODIO 0,9%-250ML FR ISENTO PVC EV HALEX ISTAR",FRASC C/250ML,,,,"7,1956",,1,,"7,20",,"84.150,26",,"0,00 %",
173,945,,"CLORETO SODIO 0,9%-250ML PVC EV BAXTER",FRASC C/250ML,,C,,"3,0337",,239,,"725,06",,"84.875,33",,"0,06 %",
174,45381,,"CLORETO SODIO 0,9%-500ML FR ISENTO PVC EV HALEX ISTAR",FRASC C/500ML,,,,"6,5054",,5,,"32,53",,"84.907,86",,"0,00 %",
175,947,,"CLORETO SODIO 0,9%-500ML PVC EV BAXTER",FRASC C/500ML,,C,,"3,3900",,345,,"1.169,55",,"86.077,41",,"0,09 %",
176,10636,,"CLORETO SODIO 0,9%-50ML ISENTO PVC EV B BRAUN",FRASC C/50ML,,C,,"2,4186",,17,,"41,12",,"86.118,53",,"0,00 %",
177,37516,,"CLORETO SODIO 0,9%-50ML PVC EV BAXTER",FRASC C/50ML,,C,,"3,1283",,48,,"150,16",,"86.268,68",,"0,01 %",
178,951,,CLORETO SODIO 200MG/ML(20%)-10ML AMP EV ISOFARMA,AMP C/10ML,,C,,"0,4345",,315,,"136,88",,"86.405,56",,"0,01 %",
,,,,,,,,,,,,,,,,,"% Sobre o
Vl Total"
Seq.,,Produto,,,Unidade,,,,,,,,,,,,
,,,,,,,Cl,,Custo Unitário,,Qtd Consumo,,Vl Custo Período,,Custo Acumulado,,
179,44931,,CLORETO SODIO 500MG CAPS-MANIP,CAPSULA,,,,"0,7495",,4,,"3,00",,"86.408,56",,"0,00 %",
180,171361,,"CLORETO SODIO 9 MG/ML(0,9%)-10 ML AMP EV-ISOFARMA",AMP C/10ML,,,,"0,3284",,3724,,"1.222,86",,"87.631,42",,"0,10 %",
181,45212,,CLORETO SODIO/GLICOSE 500ML FR SF ISENTO PVC EV HALEX ISTAR,FRASC C/500ML,,,,"13,6745",,2,,"27,35",,"87.658,77",,"0,00 %",
182,932,,CLORETO SODIO/GLICOSE 500ML SF PVC EV BAXTER,FRASC C/500ML,,C,,"3,9548",,33,,"130,51",,"87.789,28",,"0,01 %",
183,210500,,CLOREXIDINA ALCOOLICA AZUL 2 %-100ML FR ALMOT TOP-RIOQUIMICA,FRASC C/100ML,,,,"3,7425",,206,,"770,95",,"88.560,22",,"0,06 %",
184,175675,,"CLOREXIDINA AQUOSA CHLORCLEAR 0,2%-100 ML FR ALMOT TOP",FRASC C/100ML,,,,"1,4150",,81,,"114,62",,"88.674,84",,"0,01 %",
185,175970,,CLOREXIDINA DEGERMANTE VIC PHARMA 2% 100ML FR,FRASC C/100ML,,,,"2,3046",,39,,"89,88",,"88.764,72",,"0,01 %",
186,175978,,CLOREXIDINA DEGERMANTE VIC PHARMA 4% 100 ML FR,UNIDADE,,,,"5,1161",,204,,"1.043,68",,"89.808,40",,"0,08 %",
187,12438,,"CLOREXIDINA S/ALCOOL PERIOGARD 0,12%-250ML FR ORAL",FRASC C/250ML,,C,,"22,9421",,4,,"91,77",,"89.900,17",,"0,01 %",
188,1022,,CODEIN 30MG COMP-CODEINA,COMP C/30MG,,C,,"1,6469",,3,,"4,94",,"89.905,11",,"0,00 %",
189,1039,,"COLCHIS 0,5MG COMP-COLCHICINA BASE","COMP C/0,5MG",,C,,"2,2480",,9,,"20,23",,"89.925,34",,"0,00 %",
190,202612,,COLETOR SECRECOES ESTERIL 120ML 10CM BRONQUINHO-402292,UNIDADE,,,,"5,5852",,5,,"27,93",,"89.953,27",,"0,00 %",
191,202610,,"COLETOR SECRECOES MASTER 500ML 0,7X2M FILTRO-401837",UNIDADE,,,,"11,1154",,47,,"522,42",,"90.475,69",,"0,04 %",
192,8441,,COLETOR URINA N/ESTERIL SEGMED 2000ML,UNIDADE,,C,,"0,9106",,665,,"605,53",,"91.081,22",,"0,05 %",
193,201837,,"COMP GAZE EST C/RX SAFE 7,5X7,5CM 13F C/10 NEVE-791060007700",UNIDADE,,,,"1,5395",,253,,"389,49",,"91.470,71",,"0,03 %",
194,1184,,COMPAZ 5MG COMP-DIAZEPAM,COMP C/5MG,,C,,"0,8108",,18,,"14,59",,"91.485,30",,"0,00 %",
195,201192,,COMPRESSA CAMPO OPERAT RX ESTERIL NEVE 10X9CM-791050000900,UNIDADE,,,,"4,6038",,10,,"46,04",,"91.531,34",,"0,00 %",
196,112136,,COMPRESSA CIR ESTERIL MEDI HOUSE EMB DUPLA RX 25X28CM-00045,UNIDADE,,,,"7,5000",,448,,"3.360,00",,"94.891,34",,"0,26 %",
197,216306,,"COMPRESSA CIRURGICA GAZE ESTERIL 7,5X7,5CM-02512",UNIDADE,,,,"0,7000",,337,,"235,90",,"95.127,24",,"0,02 %",
198,37531,,COMPRESSA COTONOIDE NEUROCIRURGICA DEROYAL 13X76MM-30057,UNIDADE,,,,"50,0934",,2,,"100,19",,"95.227,43",,"0,01 %",
199,39475,,COMPRESSA COTONOIDE NEUROCIRURGICA DEROYAL 25X25MM-30059,UNIDADE,,,,"61,6287",,2,,"123,26",,"95.350,69",,"0,01 %",
200,34868,,COMPRESSA COTONOIDE NEUROCIRURGICA DEROYAL 25X76MM-30060,UNIDADE,,,,"180,8787",,15,,"2.713,18",,"98.063,87",,"0,21 %",
201,8455,,COMPRESSA GAZE ESTERIL CREMER 13 FIOS 15X30CM-304084,UNIDADE,,,,"3,9843",,12,,"47,81",,"98.111,68",,"0,00 %",
202,8459,,"COMPRESSA GAZE N/ESTERIL CREMER 9FIO 7,5X7,5CM 500UND-158434",UNIDADE,,C,,"20,1422",,1,,"20,14",,"98.131,82",,"0,00 %",
203,155756,,CONECTOR CONTRASTE S/VALVULA SCW 25CM- 832801,UNIDADE,,,,"37,3371",,139,,"5.189,85",,"103.321,67",,"0,41 %",
204,103718,,CONECTOR MACHO/FEMEA VEDCAP-672619,UNIDADE,,,,"0,2663",,19,,"5,06",,"103.326,73",,"0,00 %",
205,211955,,CONECTOR TRANSICAO EXTREMIDADE DISTAL ENTERAL ENFIT-777444,UNIDADE,,,,"1,3504",,2,,"2,70",,"103.329,43",,"0,00 %",
206,27993,,CONECTOR VALVULADO SF C/LUER S/AGULHA MAXZERO-MZ1000,UNIDADE,,C,,"2,9955",,1444,,"4.325,47",,"107.654,90",,"0,34 %",
207,193928,,CONECTOR/CONEXAO ONCOSAFE ARISURE BAG ACCESS-60514001501,UNIDADE,,,,"16,4906",,5,,"82,45",,"107.737,36",,"0,01 %",
208,208606,,CONJUNTO CATETERIZACAO ARTERIAL 18GA 12CM C/AG-SAC01218PBX,UNIDADE,,,,"140,0000",,2,,"280,00",,"108.017,36",,"0,02 %",
209,208604,,CONJUNTO CATETERIZACAO ARTERIAL 20GA 5CM C/AG-SAC00520PBX ,UNIDADE,,,,"129,9720",,3,,"389,92",,"108.407,27",,"0,03 %",
210,208602,,"CONJUNTO CATETERIZACAO ARTERIAL 24GA 2,5CM-",UNIDADE,,,,"140,0000",,10,,"1.400,00",,"109.807,27",,"0,11 %",
,,,,,,,,,,,,,,,,,"% Sobre o
Vl Total"
Seq.,,Produto,,,Unidade,,,,,,,,,,,,
,,,,,,,Cl,,Custo Unitário,,Qtd Consumo,,Vl Custo Período,,Custo Acumulado,,
,,,SAC00324PBX ,,,,,,,,,,,,,,
211,1889,,CORTISONAL 100MG FR/AMP IM/EV-HIDROCORTISONA,FA C/100MG,,C,,"2,6222",,144,,"377,60",,"110.184,87",,"0,03 %",
212,1891,,CORTISONAL 500MG FR/AMP IM/EV-HIDROCORTISONA,FA C/500MG,,C,,"5,1069",,12,,"61,28",,"110.246,15",,"0,00 %",
213,93360,,COSENTYX 150MG/ML-1ML SER PREEN-SECUQUINUMABE(GELAD),SERINGA PREEN,,,,"2.909,5300",,2,,"5.819,06",,"116.065,21",,"0,45 %",
214,36012,,CREON 25.000UI CAPS GEL-PANCREATINA,CAPSULA,,C,,"4,3564",,42,,"182,97",,"116.248,18",,"0,01 %",
215,41731,,CRESTOR 40MG COMP REV-ROSUVASTATINA,COMP C/40MG,,C,,"9,7683",,47,,"459,11",,"116.707,30",,"0,04 %",
216,208913,,CRISAPINA 5MG COMP REV (OLANZAPINA),COMP C/5MG,,,,"1,4400",,3,,"4,32",,"116.711,62",,"0,00 %",
217,208915,,CRISPRED 20 MG COMP(PREDNISONA) ,COMP C/20MG,,,,"0,4538",,136,,"61,72",,"116.773,33",,"0,00 %",
218,209168,,CRISPRED 5 MG COMP(PREDNISONA),COMP C/5MG,,,,"0,3012",,16,,"4,82",,"116.778,15",,"0,00 %",
219,169969,,CURATIVO CUTIMED SORBACT SWABS BSN 7X9CM-7216500,UNIDADE,,,,"41,1081",,10,,"411,08",,"117.189,23",,"0,03 %",
220,182868,,CURATIVO ESPUMA C/SILIC MEPILEX BORDER SACRUM 22X25CM-282450,UNIDADE,,,,"59,0000",,1,,"59,00",,"117.248,23",,"0,00 %",
221,210698,,CURATIVO FILME TRANSPAR OPSITE FLEXIFIX 15CMX10M-66000375,UNIDADE,,,,"142,1156",,12,,"1.705,39",,"118.953,62",,"0,13 %",
222,8576,,"CURATIVO FILME TRANSPAR TEGADERM IV 5X5,7CM-1610",UNIDADE,,C,,"7,1980",,61,,"439,08",,"119.392,70",,"0,03 %",
223,148161,,CURATIVO FILME TRANSPARENTE LEUKOMED T PLUS 10X25CM-7238203,UNIDADE,,,,"6,4222",,1,,"6,42",,"119.399,12",,"0,00 %",
224,172931,,CURATIVO FILME TRANSPARENTE OPSITE POST OP 25X10CM-66000714,UNIDADE,,,,"7,8800",,40,,"315,20",,"119.714,32",,"0,02 %",
225,8574,,CURATIVO FILME TRANSPARENTE POLIURETANO 6X7CM-4007,UNIDADE,,C,,"1,5267",,30,,"45,80",,"119.760,12",,"0,00 %",
226,28937,,"CURATIVO FILME TRANSPARENTE TEGADERM 8,5X11,5CM-1685",UNIDADE,,,,"5,3623",,139,,"745,36",,"120.505,49",,"0,06 %",
227,15983,,CURATIVO FILME TRANSPARENTE TEGADERM BASIC 6X7CM-1620BR,UNIDADE,,,,"2,0758",,608,,"1.262,11",,"121.767,60",,"0,10 %",
228,8540,,CURATIVO HIDROCOLOIDE DUODERM CGF 10X10CM-187660,UNIDADE,,C,,"18,5008",,3,,"55,50",,"121.823,10",,"0,00 %",
229,97093,,CURATIVO HIDROFIBRA/PRATA AQUACEL AG EXTRA 15X15CM-413568,UNIDADE,,,,"87,9076",,1,,"87,91",,"121.911,01",,"0,01 %",
230,8549,,CURATIVO HIDROGEL AMORFO INTRASITE 25G FR-7313,UNIDADE,,C,,"24,8522",,1,,"24,85",,"121.935,86",,"0,00 %",
231,35685,,"CURATIVO MULTICAMADA ALLEVYN LIFE 21,6X23CM-66801307",UNIDADE,,,,"35,7433",,48,,"1.715,68",,"123.651,54",,"0,13 %",
232,8493,,"CURATIVO NAO ADERENTE ADAPTIC PETROLATUM 7,5X20CM-2013",UNIDADE,,C,,"7,6911",,11,,"84,60",,"123.736,14",,"0,01 %",
233,45674,,CURATIVO REDONDO BLOOD STOP CREMER-345377,UNIDADE,,C,,"0,0402",,1500,,"60,32",,"123.796,46",,"0,00 %",
234,92138,,DALINVI 1.800MG/15ML FR/AMP SC-DARATUMUMABE,FA C/1.800MG,,,,"23.474,9824",,4,,"93.899,93",,"217.696,39",,"7,33 %",
235,205669,,DASATINIBE 100 MG COMP REV-TEVA,COMP C/100MG,,,,"147,2817",,30,,"4.418,45",,"222.114,84",,"0,34 %",
236,206162,,DASATINIBE 20 MG COMP REV-TEVA,COMP C/20MG,,,,"38,4285",,420,,"16.139,99",,"238.254,83",,"1,26 %",
237,11659,,DEPAKENE 250MG CAPS-ACIDO VALPROICO,CAPS C/250MG,,C,,"0,5801",,3,,"1,74",,"238.256,57",,"0,00 %",
238,1287,,DEPAKOTE 250MG COMP REV-DIVALPROATO SODIO,COMP C/250MG,,C,,"1,6302",,8,,"13,04",,"238.269,61",,"0,00 %",
239,1107,,DESALEX 5MG COMP REV-DESLORATADINA,COMP C/5MG,,C,,"5,6481",,5,,"28,24",,"238.297,85",,"0,00 %",
240,208909,,DEX 100 MCG/ML-2ML FR/AMP EV(DEXMEDETOMIDINA),FA C/200MCG,,,,"8,0000",,206,,"1.648,00",,"239.945,85",,"0,13 %",
241,1151,,DEXAMETASONA 4MG COMP EMS,COMP C/4MG,,,,"0,3699",,6,,"2,22",,"239.948,07",,"0,00 %",
242,57420,,"DEXAMETASONA 4MG/ML-2,5ML FR/AMP EV/IM TEUTO",FA C/10MG,,C,,"0,9635",,405,,"390,23",,"240.338,30",,"0,03 %",
243,1127,,DEXAMETASONA ACETATO 1MG/G-10G BG CREM TOP EMS,BISN C/10G,,C,,"3,7866",,1,,"3,79",,"240.342,09",,"0,00 %",
244,1782,,DIAMICRON MR 30MG COMP LIB ,COMPRIMIDO,,C,,"1,3940",,18,,"25,09",,"240.367,18",,"0,00 %",
,,,,,,,,,,,,,,,,,"% Sobre o
Vl Total"
Seq.,,Produto,,,Unidade,,,,,,,,,,,,
,,,,,,,Cl,,Custo Unitário,,Qtd Consumo,,Vl Custo Período,,Custo Acumulado,,
,,,CONT-GLICLAZIDA,,,,,,,,,,,,,,
245,1206,,DICLOFENACO SODIO 25MG/ML-3ML AMP IM UNIAO QUIMICA,AMP C/75MG,,C,,"2,1679",,5,,"10,84",,"240.378,02",,"0,00 %",
246,1221,,DIFENIDRIN 50MG/ML-1ML AMP IM/EV-DIFENIDRAMINA,AMP C/50MG,,C,,"17,9894",,34,,"611,64",,"240.989,66",,"0,05 %",
247,93829,,DIGESTINA 5MG/ML-2ML AMP EV/IM-BROMOPRIDA,AMP C/10MG,,,,"1,3334",,129,,"172,01",,"241.161,67",,"0,01 %",
248,3644,,DILACORON 80MG COMP REV-VERAPAMIL,COMP C/80MG,,C,,"1,2707",,1,,"1,27",,"241.162,94",,"0,00 %",
249,2460,,"DIMORF 0,2MG/ML-1ML AMP IM/EV-MORFINA","AMP C/0,2MG",,C,,"5,2590",,8,,"42,07",,"241.205,01",,"0,00 %",
250,12116,,DIMORF 10MG COMP-MORFINA,COMP C/10MG,,C,,"0,7882",,7,,"5,52",,"241.210,53",,"0,00 %",
251,2463,,DIMORF 10MG/ML-1ML AMP IM/EV-MORFINA,AMP C/10MG,,C,,"3,9992",,68,,"271,95",,"241.482,48",,"0,02 %",
252,11347,,DIMORF 1MG/ML-2ML AMP IM/EV-MORFINA,AMP C/2MG,,C,,"5,0168",,36,,"180,61",,"241.663,08",,"0,01 %",
253,3602,,DIOVAN 320MG COMP REV-VALSARTANA,COMP C/320MG,,C,,"4,8248",,68,,"328,09",,"241.991,17",,"0,03 %",
254,3605,,DIOVAN 80MG COMP REV-VALSARTANA,COMP C/80MG,,C,,"3,4811",,4,,"13,92",,"242.005,10",,"0,00 %",
255,159908,,DIPIRONA 50 MG/ML-100 ML FR SOL-ACHE,FRASC C/100ML,,,,"6,2743",,3,,"18,82",,"242.023,92",,"0,00 %",
256,94103,,DIPIRONA 500MG COMP EMS,COMP C/500MG,,,,"0,1563",,32,,"5,00",,"242.028,92",,"0,00 %",
257,94106,,DIPIRONA 500MG/ML-10ML FR GTS EMS,FA C/10ML,,,,"2,7151",,16,,"43,44",,"242.072,36",,"0,00 %",
258,32689,,DIPIRONA 500MG/ML-2ML AMP EV/IM TEUTO,AMP 1000MG,,C,,"0,7303",,891,,"650,70",,"242.723,06",,"0,05 %",
259,20166,,"DIPROGENTA 0,64/1MG/G-30G BG CREM-BETAMET DIP/GENTAMICINA",BISN C/30G,,C,,"36,4000",,10,,"364,00",,"243.087,06",,"0,03 %",
260,42239,,DISPOSITIVO DISSECCAO VENOSA ESTERIL N8-299141,UNIDADE,,C,,"15,4344",,1,,"15,43",,"243.102,49",,"0,00 %",
261,175784,,DISPOSITIVO FIXACAO CATETER STATLOCK PICC PLUS-VPPCSPCE,UNIDADE,,,,"30,5886",,2,,"61,18",,"243.163,67",,"0,00 %",
262,8883,,DISPOSITIVO INCONTINENCIA URINARIA MASC C/PRESERV C/SONDA,UNIDADE,,C,,"2,9574",,3,,"8,87",,"243.172,54",,"0,00 %",
263,16188,,DISPOSITIVO TRANSFERENCIA FLUIDOS TRANSOFIX-4090500,UNIDADE,,C,,"1,5663",,139,,"217,71",,"243.390,25",,"0,02 %",
264,208627,,"DOBUTAMINA 12,5 MG/ML-20ML AMP EV-HYPOFARMA",AMP C/250MG,,,,"6,3954",,4,,"25,58",,"243.415,83",,"0,00 %",
265,109847,,DOCELIBBS 20MG/ML-1ML FR/AMP EV-DOCETAXEL,FA C/20MG,,,,"82,2600",,3,,"246,78",,"243.662,61",,"0,02 %",
266,109851,,DOCELIBBS 20MG/ML-4ML FR/AMP EV-DOCETAXEL,FA C/80MG,,,,"329,5333",,4,,"1.318,13",,"244.980,75",,"0,10 %",
267,32400,,DOMPERIDONA 10MG COMP EMS,COMP C/10MG,,C,,"0,0849",,116,,"9,85",,"244.990,59",,"0,00 %",
268,1295,,DOMPERIDONA 1MG/ML-100ML FR SUSP MEDLEY,FRASC C/100ML,,C,,"14,6118",,1,,"14,61",,"245.005,21",,"0,00 %",
269,3511,,DONAREN 50MG COMP REV-TRAZODONA,COMP C/50MG,,C,,"0,7525",,18,,"13,54",,"245.018,75",,"0,00 %",
270,3509,,DONAREN RETARD 150MG COMP LIB PROL-TRAZODONA,COMP C/150MG,,C,,"4,7050",,2,,"9,41",,"245.028,16",,"0,00 %",
271,1303,,DOPACRIS 5MG/ML-10ML AMP EV-DOPAMINA,AMP C/50MG,,C,,"4,4670",,10,,"44,67",,"245.072,83",,"0,00 %",
272,36811,,DORMIRE 5MG/ML-10ML AMP IM/EV-MIDAZOLAM,AMP C/50MG,,C,,"6,0118",,8,,"48,09",,"245.120,93",,"0,00 %",
273,2420,,DORMIRE 5MG/ML-3ML AMP IM/EV-MIDAZOLAM,AMP C/15MG,,C,,"2,9057",,37,,"107,51",,"245.228,44",,"0,01 %",
274,85,,"DOTAREM 0,5MMOL/ML-10ML FR/AMP EV-ACIDO GADOTERICO",FA C/5MMOL,,C,,"34,0000",,13,,"442,00",,"245.670,44",,"0,03 %",
275,3677,,DRAMIN B6 DL 3/5/100/100MG/ML-10ML AMP EV-DIM/PIR/GLI/FRU,AMPOLA,,C,,"8,1068",,181,,"1.467,34",,"247.137,77",,"0,11 %",
276,202616,,"DRENO SUCCAO 3,2MM 500ML SANFONADO-406818",UNIDADE,,,,"15,1616",,7,,"106,13",,"247.243,90",,"0,01 %",
277,202617,,"DRENO SUCCAO 4,8MM 500ML SANFONADO-406887",UNIDADE,,,,"17,5146",,11,,"192,66",,"247.436,57",,"0,02 %",
278,479,,DULCOLAX 5MG DRG-BISACODIL,DRAGEA,,C,,"0,8161",,6,,"4,90",,"247.441,46",,"0,00 %",
279,104503,,DULOXETINA 30MG CAPS LIB PROL ACHE,CAPS C/30MG,,,,"2,3330",,17,,"39,66",,"247.481,12",,"0,00 %",
280,422,,DUOFLAM 5/2MG-1ML AMP IM (BETAMETASONA DIP/FOSF DIS),AMPOLA,,,,"4,7951",,57,,"273,32",,"247.754,45",,"0,02 %",
281,12194,,EBIX 10MG COMP-MEMANTINA,COMP C/10MG,,C,,"6,3038",,5,,"31,52",,"247.785,97",,"0,00 %",
282,3636,,EFEXOR XR 75MG CAPS GEL LIB ,CAPS C/75MG,,C,,"11,8420",,6,,"71,05",,"247.857,02",,"0,01 %",
,,,,,,,,,,,,,,,,,"% Sobre o
Vl Total"
Seq.,,Produto,,,Unidade,,,,,,,,,,,,
,,,,,,,Cl,,Custo Unitário,,Qtd Consumo,,Vl Custo Período,,Custo Acumulado,,
,,,PROL-VENLAFAXINA,,,,,,,,,,,,,,
283,8648,,ELETRODO DESCART ECG MEDI TRACE 200 ADULTO-31050522,UNIDADE,,,,"0,3463",,5025,,"1.740,21",,"249.597,22",,"0,14 %",
284,8644,,ELETRODO DESCART MONIT CARDIACA NEO/PED RETANG 3 UND-2269T,UNIDADE,,C,,"16,5130",,159,,"2.625,57",,"252.222,80",,"0,20 %",
285,8646,,ELETRODO DESCART RESSONANCIA/RAIOX ADULTO-RT630,UNIDADE,,C,,"1,2576",,9,,"11,32",,"252.234,11",,"0,00 %",
286,209916,,ELETRODO NEUTRO DUAL REM ADULTO APAISADA-I2510,UNIDADE,,,,"6,0490",,23,,"139,13",,"252.373,24",,"0,01 %",
287,47189,,"ELIGARD 22,5MG SER PREEN SC-LEUPRORRELINA(GELAD)",SERINGA PREEN,,,,"533,4188",,1,,"533,42",,"252.906,66",,"0,04 %",
288,204957,,ELOVIE 25 MG/ML-4ML FR/AMP EV (BEVACIZUMABE),FA C/100MG,,,,"786,2800",,24,,"18.870,72",,"271.777,38",,"1,47 %",
289,43813,,EMBALAGEM PLASTICA ESTERIL 80X120CM-204061,UNIDADE,,C,,"7,3726",,12,,"88,47",,"271.865,85",,"0,01 %",
290,208629,,"EMBO 2,5 MG COMP REV (APIXABANA) ",COMPRIMIDO,,,,"1,4445",,223.2,,"322,42",,"272.188,27",,"0,03 %",
291,208630,,EMBO 5 MG COMP REV (APIXABANA) ,COMPRIMIDO,,,,"1,3719",,20,,"27,44",,"272.215,71",,"0,00 %",
292,32058,,ENCRISE 20UI/ML-1ML AMP IM/EV/SC-VASOPRESSINA,AMP C/ 20UI,,C,,"26,8187",,12,,"321,82",,"272.537,53",,"0,03 %",
293,82,,ENDOFOLIN 5MG COMP REV-ACIDO FOLICO,COMP C/5MG,,C,,"0,8752",,94,,"82,27",,"272.619,80",,"0,01 %",
294,29666,,ENTRESTO 50 MG COMP REV (SACUBITRILVALSARTANA),COMP C/50MG,,C,,"2,5990",,19,,"49,38",,"272.669,18",,"0,00 %",
295,46454,,ENTYVIO 300MG FR/AMP EV-VEDOLIZUMABE,FA C/300MG,,C,,"17.931,6500",,1,,"17.931,65",,"290.600,83",,"1,40 %",
296,40168,,EPREX 10.000UI/ML-1ML SER PREEN EV/SC-ALFAEPOETINA(GELAD),SERINGA PREEN,,C,,"155,8188",,8,,"1.246,55",,"291.847,39",,"0,10 %",
297,12217,,EPREX 40.000UI/ML-1ML SER PREEN EV/SC-ALFAEPOETINA(GELAD),SERINGA PREEN,,C,,"612,1564",,3,,"1.836,47",,"293.683,85",,"0,14 %",
298,43184,,EQUIPO BOMBA ENTERAL AIR TK-402112P,UNIDADE,,C,,"13,4649",,3,,"40,39",,"293.724,25",,"0,00 %",
299,109809,,EQUIPO BOMBA IL PVC FRESENIUS-BRM46441600SSA,UNIDADE,,,,"14,9499",,6,,"89,70",,"293.813,95",,"0,01 %",
300,147866,,EQUIPO BOMBA INFUSOR AUTOFUSER 100ML-SAF102,UNIDADE,,,,"182,1440",,6,,"1.092,86",,"294.906,81",,"0,09 %",
301,199970,,EQUIPO BOMBA INFUSOR AUTOFUSER 150ML-SAF156,UNIDADE,,,,"203,6686",,1,,"203,67",,"295.110,48",,"0,02 %",
302,136368,,EQUIPO BOMBA PARENT  PVC VLSP62 285CM-BRML46443400Y,UNIDADE,,,,"16,0437",,1,,"16,04",,"295.126,53",,"0,00 %",
303,109468,,EQUIPO BOMBA PARENT S/PVC FOTOSS FRESENIUS-BRM46444900SSA,UNIDADE,,,,"19,2421",,43,,"827,41",,"295.953,93",,"0,06 %",
304,109469,,EQUIPO BOMBA PVC VLST10 FRESENIUS-BRM46441300S,UNIDADE,,,,"14,3956",,736,,"10.595,18",,"306.549,11",,"0,83 %",
305,46964,,EQUIPO ENTERAL SPIKE BOLSA ENFIT-775100,UNIDADE,,C,,"23,8542",,47,,"1.121,15",,"307.670,26",,"0,09 %",
306,150962,,EQUIPO INFUSAO FOTOS INTRAFIX PRIMELINE AIR FS-401414P,UNIDADE,,,,"5,6046",,5,,"28,02",,"307.698,28",,"0,00 %",
307,16194,,EQUIPO MACROGOTA PVC SAFESET AIR NEEDLE FREE 160CM-401450SS,UNIDADE,,,,"5,0800",,2473,,"12.562,82",,"320.261,11",,"0,98 %",
308,92443,,EQUIPO MACROGOTAS S/INJETOR LATERAL CREMER-516647,UNIDADE,,,,"1,9900",,351,,"698,49",,"320.959,59",,"0,05 %",
309,176028,,EQUIPO SISTEMA AQUECIMENTO AUTOMER II FLUXO PADRAO-KM2K00001,UNIDADE,,,,"170,8247",,1,,"170,82",,"321.130,42",,"0,01 %",
310,109538,,ESCOPOLAMINA 20MG/ML-1ML AMP EV/IM/SC HYPOFARMA,AMP C/20MG,,,,"1,1501",,145,,"166,76",,"321.297,18",,"0,01 %",
311,216026,,ESPACADOR GOODDOCTOR AD/INF-GD000009,UNIDADE,,,,"23,3500",,15,,"350,25",,"321.647,43",,"0,03 %",
312,174372,,ESPACADOR ORAL MED AEROSOL AGACHAMBER BABY(<3ANOS)EA205,UNIDADE,,,,"34,5182",,6,,"207,11",,"321.854,54",,"0,02 %",
313,188249,,"ESPECULO DESCARTAVEL AURICULAR GOOD DOCTOR 2,5MM-GD000004",UNIDADE,,,,"0,9800",,880,,"862,40",,"322.716,94",,"0,07 %",
314,1423,,ESPIRONOLACTONA 25MG COMP EMS,COMP C/25MG,,C,,"0,3567",,12,,"4,28",,"322.721,22",,"0,00 %",
,,,,,,,,,,,,,,,,,"% Sobre o
Vl Total"
Seq.,,Produto,,,Unidade,,,,,,,,,,,,
,,,,,,,Cl,,Custo Unitário,,Qtd Consumo,,Vl Custo Período,,Custo Acumulado,,
315,104360,,ESPIRONOLACTONA 25MG COMP EUROFARMA,COMP C/25MG,,,,"0,3943",,18,,"7,10",,"322.728,31",,"0,00 %",
316,22574,,ESTILETE ENTUBACAO ENDOTRAQUEAL WELL LEAD 14FR-26111400,UNIDADE,,,,"10,3974",,2,,"20,79",,"322.749,11",,"0,00 %",
317,178973,,ESTILETE INTUBACAO TRAQUEAL WELLEAD 10FR-26111000,UNIDADE,,,,"10,4531",,38,,"397,22",,"323.146,33",,"0,03 %",
318,1457,,ETOMIDATO 2MG/ML-10ML AMP EV CRISTALIA,AMP C/20MG,,C,,"12,5576",,6,,"75,35",,"323.221,67",,"0,01 %",
319,152158,,"EVENITY 90MG/ML-1,17ML SER PREEN-ROMOSOZUMABE",SERINGA PREEN,,,,"1.544,7012",,4,,"6.178,80",,"329.400,48",,"0,48 %",
320,30046,,EVOCLASS 20MG FR/AMP EV-DAUNORRUBICINA(QT),FA C/20MG,,,,"109,5016",,2,,"219,00",,"329.619,48",,"0,02 %",
321,93968,,EXFUNO 500MG FR/AMP EV-DAPTOMICINA(GELAD),FA C/500MG,,,,"94,7371",,1,,"94,74",,"329.714,22",,"0,01 %",
322,17083,,EXTENSAO INFUSAO EXTENSOFIX 120CM-443120,UNIDADE,,C,,"2,9179",,29,,"84,62",,"329.798,84",,"0,01 %",
323,78711,,EXTENSAO INFUSAO POLI-HART 2 C/LUER LOCK 2 VIAS-420103,UNIDADE,,,,"2,0541",,160,,"328,66",,"330.127,50",,"0,03 %",
324,8724,,EXTENSAO OXIGENIO ESTERIL OXIZAMM C/CONECTOR 2M,UNIDADE,,,,"2,6060",,11,,"28,67",,"330.156,17",,"0,00 %",
325,152481,,EXTENSAO PERFUSAO CC ZAMMI C/ CONECTOR 3M-9543,UNIDADE,,,,"5,0497",,122,,"616,07",,"330.772,23",,"0,05 %",
326,152439,,EXTENSOR PERFUSOR INJECTOMAT LINE PVC 150CM-9004242,UNIDADE,,,,"5,6767",,74,,"420,08",,"331.192,31",,"0,03 %",
327,188854,,EXTENSOR PRONEO ENFIT 120CM-BRL7752005,UNIDADE,,,,"17,2000",,10,,"172,00",,"331.364,31",,"0,01 %",
328,177262,,EZETIMIBA 10 MG COMP-EMS,COMP C/10MG,,,,"0,6168",,75,,"46,26",,"331.410,57",,"0,00 %",
329,65225,,FAMOX 20MG COMP-FAMOTIDINA,COMP C/20MG,,,,"1,8657",,1,,"1,87",,"331.412,44",,"0,00 %",
330,3285,,FASTFEN 5MCG/ML-2ML AMP EV-SUFENTANILA,AMP C/10MCG,,,,"10,8307",,15,,"162,46",,"331.574,90",,"0,01 %",
331,23625,,FAULDCARBO 10MG/ML-5ML FR/AMP EV-CARBOPLATINA(QT),FA C/50MG,,,,"80,2009",,10,,"802,01",,"332.376,91",,"0,06 %",
332,51429,,FAULDCITA 100MG/ML-10ML FR/AMP EV-CITARABINA(QT),FA C/1000MG,,,,"81,3964",,4,,"325,59",,"332.702,49",,"0,03 %",
333,23626,,FAULDCITA 100MG/ML-5ML FR/AMP EV-CITARABINA(QT),FA C/500MG,,,,"24,9761",,3,,"74,93",,"332.777,42",,"0,01 %",
334,23627,,FAULDFLUOR 50MG/ML-10ML FR/AMP EV-FLUOROURACILA,FA C/500MG,,,,"12,2756",,101,,"1.239,84",,"334.017,26",,"0,10 %",
335,98432,,FAULDFLUOR 50MG/ML-50ML FR/AMP EV-FLUOROURACILA(QT),FA C/2500MG,,,,"57,4312",,40,,"2.297,25",,"336.314,51",,"0,18 %",
336,102962,,FAULDLEUCO 10MG/ML-30ML FR/AMP-FOLINATO CALCIO,FA C/300MG,,,,"120,6100",,44,,"5.306,84",,"341.621,35",,"0,41 %",
337,103797,,FAULDLEUCO 10MG/ML-5ML FR/AMP-FOLINATO CALCIO,FA C/50MG,,,,"27,2000",,43,,"1.169,60",,"342.790,95",,"0,09 %",
338,2380,,FAULDMETRO 25MG/ML-2ML FR/AMP EV-METOTREXATO(QT),FA C/50MG,,,,"14,5220",,1,,"14,52",,"342.805,47",,"0,00 %",
339,84046,,FAULDVINCRI 1MG/ML-1ML FR/AMP EV-VINCRISTINA(GELAD)(QT),FA C/1MG,,,,"26,8955",,2,,"53,79",,"342.859,26",,"0,00 %",
340,104267,,FAZOLON 1.000MG FR/AMP IM/EV-CEFAZOLINA,FA C/1000MG,,,,"4,5798",,245,,"1.122,05",,"343.981,31",,"0,09 %",
341,1523,,FENTANEST 50MCG/ML-10ML AMP EV/IM-FENTANILA,AMP C/500MCG,,C,,"4,4535",,171,,"761,54",,"344.742,86",,"0,06 %",
342,1524,,FENTANEST 50MCG/ML-2ML AMP EV/IM-FENTANILA,AMP C/100MCG,,C,,"4,9844",,50,,"249,22",,"344.992,08",,"0,02 %",
343,1550,,FEXOFENADINA 120MG COMP REV EMS,COMP C/120MG,,,,"1,8964",,5,,"9,48",,"345.001,56",,"0,00 %",
344,31743,,FILGRASTINE 300MCG/ML-1ML FR/AMP EV/SC(GELAD),FA C/300MCG,,,,"43,1199",,1,,"43,12",,"345.044,68",,"0,00 %",
345,42969,,FILTRO HME BACT/VIRAL HYGROBAC S 150-1200ML-352S5855BR,UNIDADE,,,,"10,0291",,3,,"30,09",,"345.074,77",,"0,00 %",
346,29561,,"FILTRO INFUSAO STERIFIX  0,2MICRA-120015",UNIDADE,,,,"22,6618",,1,,"22,66",,"345.097,43",,"0,00 %",
347,199924,,FILTRO UMIDIFICADOR ADULT HMEF 150-1000ML-YFHAT,UNIDADE,,,,"5,1527",,1,,"5,15",,"345.102,58",,"0,00 %",
348,144205,,FILTRO UMIDIFICADOR PED HMEF 50-250ML-YFHIT,UNIDADE,,,,"7,2348",,9,,"65,11",,"345.167,69",,"0,01 %",
349,175409,,"FIPRIMA 300 MCG-0,5 ML SER PREEN EV/SC (FILGRASTIM)(GELAD)",SERINGA PREEN,,,,"43,5425",,4,,"174,17",,"345.341,86",,"0,01 %",
350,8701,,FITA ESPARADRAPO IMPERMEAVEL ,UNIDADE,,C,,"6,6401",,10,,"66,40",,"345.408,26",,"0,01 %",
,,,,,,,,,,,,,,,,,"% Sobre o
Vl Total"
Seq.,,Produto,,,Unidade,,,,,,,,,,,,
,,,,,,,Cl,,Custo Unitário,,Qtd Consumo,,Vl Custo Período,,Custo Acumulado,,
,,,"CREMER BRANCO 10CMX4,50M-198973",,,,,,,,,,,,,,
351,9167,,"FITA HIPOALERGENICA MICROPOROSA 3M 2,5CMX10M-1530",UNIDADE,,C,,"4,5857",,2,,"9,17",,"345.417,44",,"0,00 %",
352,9166,,FITA HIPOALERGENICA MICROPOROSA 3M 5CMX10M-1530,UNIDADE,,C,,"8,3422",,4,,"33,37",,"345.450,80",,"0,00 %",
353,31970,,"FITA HIPOALERGENICA MICROPOROSA ESTERIL 2,5CMX10CM-230536",UNIDADE,,C,,"1,0808",,7,,"7,57",,"345.458,37",,"0,00 %",
354,31971,,FITA HIPOALERGENICA MICROPOROSA ESTERIL 5CMX30CM-230635,UNIDADE,,C,,"2,3887",,118,,"281,87",,"345.740,24",,"0,02 %",
355,8796,,FIXADOR CANULA TRAQUEOSTOMIA C/ VELCRO MEDFIX ADULTO-104010,UNIDADE,,C,,"10,1367",,1,,"10,14",,"345.750,37",,"0,00 %",
356,171467,,"FIXADOR CATETER CHG TEGADERM 8,5X11,5CM-1657R",UNIDADE,,,,"35,0037",,36,,"1.260,13",,"347.010,51",,"0,10 %",
357,212959,,FIXADOR MULTFIX ADESIVO TAM G-MFCGI,UNIDADE,,,,"15,2757",,10,,"152,76",,"347.163,26",,"0,01 %",
358,170616,,FIXADOR SONDA VESICAL GASTROSTOMIA TAM G,UNIDADE,,,,"3,8096",,5,,"19,05",,"347.182,31",,"0,00 %",
359,213302,,FIXADOR TUBO ENDOTRAQUEAL 5-10MM-9800,UNIDADE,,,,"112,1682",,1,,"112,17",,"347.294,48",,"0,01 %",
360,72152,,FIXADOR TUBO ENDOTRAQUEAL ANCHOR FAST SLIMFIT 5-8MM-9787,UNIDADE,,,,"129,2426",,2,,"258,49",,"347.552,96",,"0,02 %",
361,36878,,FIXADOR TUBO/SONDA NASAL 3M,UNIDADE,,C,,"3,7310",,3,,"11,19",,"347.564,16",,"0,00 %",
362,19646,,FLANAX 550MG COMP REV-NAPROXENO,COMP C/550MG,,C,,"2,2220",,2,,"4,44",,"347.568,60",,"0,00 %",
363,15605,,FLIXOTIDE 50MCG-120DOSES FR SPR INAL-FLUTICASONA,FRASC C/120DS,,C,,"140,5510",,9,,"1.264,96",,"348.833,56",,"0,10 %",
364,3169,,FLORATIL PEDIATRICO 200MG/G-1G ENV-SACCHAROMYCES BOULARDII,ENV C/200MG,,C,,"8,9176",,5,,"44,59",,"348.878,15",,"0,00 %",
365,152078,,FLUCISTEIN 100MG/ML(10%)-3ML AMP EV-ACETILCISTEINA,AMP C/300MG,,,,"2,2780",,41,,"93,40",,"348.971,54",,"0,01 %",
366,208626,,FLUCONAZOL 2 MG/ML-100ML BLS SF EV-BEKER,BOLSA C/200MG,,,,"6,9036",,4,,"27,61",,"348.999,16",,"0,00 %",
367,21616,,"FLUDROCORTISONA 0,1MG COMP(MANIPULADO)","COMP C/0,1MG",,C,,"3,7071",,5,,"18,54",,"349.017,69",,"0,00 %",
368,1594,,"FLUMAZIL 0,1MG/ML-5ML AMP EV-FLUMAZENIL","AMP C/0,5MG",,,,"7,8523",,5,,"39,26",,"349.056,96",,"0,00 %",
369,36792,,FLUOXETINA 20MG CAPS EUROFARMA,CAPS C/20MG,,C,,"1,2154",,14,,"17,02",,"349.073,97",,"0,00 %",
370,22341,,FORXIGA 10MG COMP REV-DAPAGLIFLOZINA,COMP C/10MG,,C,,"3,4715",,36,,"124,97",,"349.198,94",,"0,01 %",
371,172047,,FOSAPREPITANTO DIMEGLUMINA 150 MG FR/AMP EV-DR REDDYS(GELAD),FA C/150MG,,,,"103,9764",,8,,"831,81",,"350.030,76",,"0,06 %",
372,77735,,"FOSFATO POTASSIO 2MEQ(1,1MMOL)/ML-10ML AMP(MANIPULADO)",FA C/10ML,,,,"3,0376",,9,,"27,34",,"350.058,09",,"0,00 %",
373,30389,,FRALDA INFANTIL PAMPERS SUPERSEC G 9-14KG,UNIDADE,,C,,"1,5491",,86,,"133,22",,"350.191,32",,"0,01 %",
374,30388,,FRALDA INFANTIL PAMPERS SUPERSEC M 6-9 5KG,UNIDADE,,C,,"1,7767",,205,,"364,22",,"350.555,54",,"0,03 %",
375,30385,,FRALDA INFANTIL PAMPERS SUPERSEC P ATE 8KG,UNIDADE,,C,,"1,2818",,9,,"11,54",,"350.567,07",,"0,00 %",
376,30390,,FRALDA INFANTIL PAMPERS SUPERSEC XG 12-16KG,UNIDADE,,C,,"2,5895",,144,,"372,88",,"350.939,95",,"0,03 %",
377,30391,,FRALDA INFANTIL PAMPERS SUPERSEC XXG ACIMA 18KG,UNIDADE,,C,,"1,9835",,269,,"533,55",,"351.473,50",,"0,04 %",
378,42913,,FRALDA INFANTIL RECEM NASCIDO 0-4KG PAMPERS PCT C/20 UND,UNIDADE,,,,"1,7927",,3,,"5,38",,"351.478,88",,"0,00 %",
379,206397,,FRALDA TENA DERMACARE EG-012170980822,UNIDADE,,,,"2,7092",,689,,"1.866,63",,"353.345,51",,"0,15 %",
380,179884,,FRASCO COLETOR DRENAGEM SECRECAO BIOVAR 3500ML-0005087,UNIDADE,,,,"32,8592",,45,,"1.478,66",,"354.824,18",,"0,12 %",
381,103671,,FRASCO DIETA ENTERAL CONEXAO CRUZ NUTRIZ 500ML-647877,UNIDADE,,,,"3,0775",,24,,"73,86",,"354.898,04",,"0,01 %",
382,77212,,FRESOFLOX 2MG/ML-200ML(400MG) BOLSA SF EV-CIPROFLOXACINO,BOLSA C/400MG,,,,"25,1274",,22,,"552,80",,"355.450,84",,"0,04 %",
383,203,,"FRONTAL 0,5MG COMP-ALPRAZOLAM","COMP C/0,5MG",,C,,"2,1369",,25,,"53,42",,"355.504,26",,"0,00 %",
384,145499,,FUROSEMIDA 10MG/ML-2ML AMP ,AMP C/20MG,,,,"0,7900",,182,,"143,78",,"355.648,04",,"0,01 %",
,,,,,,,,,,,,,,,,,"% Sobre o
Vl Total"
Seq.,,Produto,,,Unidade,,,,,,,,,,,,
,,,,,,,Cl,,Custo Unitário,,Qtd Consumo,,Vl Custo Período,,Custo Acumulado,,
,,,IM/EV HYPOFARMA,,,,,,,,,,,,,,
385,181473,,FUROSEMIDA 40 MG COMP-PRATI,COMP C/40MG,,,,"0,0680",,1,,"0,07",,"355.648,11",,"0,00 %",
386,52440,,FUROSEMIDA 40MG COMP BIOSINTETICA,COMP C/40MG,,,,"0,3219",,39,,"12,55",,"355.660,66",,"0,00 %",
387,104247,,GABAPENTINA 300MG CAPS BIOLAB,CAPS C/300MG,,,,"0,6244",,19,,"11,86",,"355.672,53",,"0,00 %",
388,118705,,"GADOVIST 1,0MMOL/ML-7,5ML FR/AMP EV-GADOBUTROL","FA C/7,5MMOL",,,,"71,5859",,8,,"572,69",,"356.245,22",,"0,04 %",
389,3654,,GALVUS 50MG COMP-VILDAGLIPTINA,COMP C/50MG,,C,,"3,5888",,2,,"7,18",,"356.252,39",,"0,00 %",
390,49720,,GAMUNEX 100MG/ML-50ML FR/AMP EV-IMUNOGLOBULINA(GELAD),FA C/5000MG,,C,,"1.750,0000",,2,,"3.500,00",,"359.752,39",,"0,27 %",
391,1500,,GARDENAL 100MG COMP-FENOBARBITAL,COMP C/100MG,,C,,"0,7141",,2,,"1,43",,"359.753,82",,"0,00 %",
392,8851,,GEL P/ EXAME ULTRASONOGRAFIA 250G FR,UNIDADE,,C,,"3,8836",,30,,"116,51",,"359.870,33",,"0,01 %",
393,1744,,GENTAMICIN 80MG-2ML AMP EV/IM-GENTAMICINA,AMP C/80MG,,C,,"0,9535",,1,,"0,95",,"359.871,28",,"0,00 %",
394,10381,,GLICOSE 10%-500ML SF PVC EV BAXTER,FRASC C/500ML,,C,,"4,4074",,9,,"39,67",,"359.910,95",,"0,00 %",
395,1793,,GLICOSE 5%-1.000ML SF PVC EV BAXTER,FRASC C/1000ML,,C,,"5,3075",,1,,"5,31",,"359.916,26",,"0,00 %",
396,10357,,GLICOSE 5%-100ML SF PVC EV BAXTER,FRASC C/100ML,,C,,"2,9042",,43,,"124,88",,"360.041,14",,"0,01 %",
397,46536,,GLICOSE 5%-250ML FR SF ISENTO PVC EV HALEX ISTAR,FRASC C/250ML,,C,,"7,5090",,12,,"90,11",,"360.131,24",,"0,01 %",
398,1796,,GLICOSE 5%-250ML SF PVC EV BAXTER,FRASC C/250ML,,C,,"3,9777",,9,,"35,80",,"360.167,04",,"0,00 %",
399,45383,,GLICOSE 5%-500ML SF PVC EV HALEX ISTAR,FRASC C/500ML,,,,"5,6653",,246,,"1.393,65",,"361.560,70",,"0,11 %",
400,1791,,GLICOSE 500MG/ML(50%)-10ML AMP EV ISOFARMA,AMP C/10ML,,C,,"0,4842",,44,,"21,30",,"361.582,00",,"0,00 %",
401,32284,,GLICOSE 750MG/ML(75%)-10ML AMP EV(MANIPULADO),AMP C/10ML,,C,,"3,6072",,56,,"202,00",,"361.784,00",,"0,02 %",
402,2329,,GLIFAGE 500MG COMP REV-METFORMINA,COMPRIMIDO,,C,,"0,7804",,6,,"4,68",,"361.788,69",,"0,00 %",
403,41727,,GLIFAGE XR 1.000MG COMP LIB PROL-METFORMINA,COMP C/1000MG,,C,,"1,5475",,2,,"3,10",,"361.791,78",,"0,00 %",
404,2327,,GLIFAGE XR 500MG COMP LIB PROL-METFORMINA,COMP C/500MG,,C,,"0,2606",,8.03,,"2,09",,"361.793,87",,"0,00 %",
405,1784,,GLUCONATO CALCIO 100MG/ML(10%)-10ML AMP EV ISOFARMA,AMP C/10ML,,C,,"1,7031",,128,,"218,00",,"362.011,87",,"0,02 %",
406,29396,,GLYCOPHOS 216MG/ML-20ML FR/AMP EV-GLICEROFOSFATO,FA C/20ML,,C,,"122,4309",,2,,"244,86",,"362.256,73",,"0,02 %",
407,22597,,GUIA ENTUBACAO BOUGIE VENT WELL LEAD 15FR 70CM-26211500,UNIDADE,,,,"34,0677",,2,,"68,14",,"362.324,87",,"0,01 %",
408,154485,,"GUTTALAX 7,5MG/ML-30ML FR GTS-PICOSSULFATO SODIO",FRASC C/30ML,,,,"30,2197",,1,,"30,22",,"362.355,09",,"0,00 %",
409,1563,,HAEMOCOMPLETTAN 1.000MG FR/AMP EV-FIBRINOGENIO(GELAD),FA C/1000MG,,C,,"2.099,7392",,2,,"4.199,48",,"366.554,57",,"0,33 %",
410,168926,,HALEXMINOPHEN 10 MG/ML-100 ML BOLSA SF EV(PARACETAMOL),BOLSA C/100ML,,,,"18,3499",,99,,"1.816,64",,"368.371,21",,"0,14 %",
411,45817,,HEMATOM 10/50MG/G-30G BG GEL TOP-ESCINA/DIETILAMINA,BISN C/30G,,C,,"14,9917",,13,,"194,89",,"368.566,10",,"0,02 %",
412,32300,,HEMAX ERITRON 4.000UI FR/AMP EV/SC-ERITROPOETINA,FA C/ 4000UI,,,,"28,2754",,2,,"56,55",,"368.622,65",,"0,00 %",
413,36149,,HEMOFOL 5.000UI/ML-5ML FR/AMP EV-HEPARINA,FA C/ 25000UI,,C,,"17,4100",,11,,"191,51",,"368.814,16",,"0,01 %",
414,19893,,HEMOLENTA 5.000ML BOLSA SF EV-CLOR SODIO/SULF MAGNESIO,BOLSA C/5000ML,,C,,"55,5083",,52,,"2.886,43",,"371.700,59",,"0,23 %",
415,2007,,HENETIX 300MG/ML-100ML FR/AMP EV-IOBITRIDOL,FA C/100ML,,,,"57,3100",,34,,"1.948,54",,"373.649,13",,"0,15 %",
416,2008,,HENETIX 350MG/ML-100ML FR/AMP EV-IOBITRIDOL,FA C/100ML,,,,"74,8800",,32,,"2.396,16",,"376.045,29",,"0,19 %",
417,2010,,HENETIX 350MG/ML-50ML FR/AMP EV-IOBITRIDOL,FA C/50ML,,,,"37,4400",,2,,"74,88",,"376.120,17",,"0,01 %",
418,36121,,HEPAMAX-S 5.000UI/ML-5ML FR/AMP EV-HEPARINA,FA C/ 25000UI,,,,"24,4617",,1,,"24,46",,"376.144,63",,"0,00 %",
419,67225,,"HEPARINA 5.000UI/0,25ML AMP SC(MANIPULADO)",AMP C/ 5000UI,,,,"8,2248",,69,,"567,51",,"376.712,14",,"0,04 %",
420,91775,,HERCEPTIN SC 600MG/5ML FR/AMP SC-TRASTUZUMABE,FA C/600MG,,,,"11.160,7600",,1,,"11.160,76",,"387.872,90",,"0,87 %",
421,1873,,HIDROCLOROTIAZIDA 25MG COMP EMS,COMP C/25MG,,,,"0,0736",,45,,"3,31",,"387.876,22",,"0,00 %",
,,,,,,,,,,,,,,,,,"% Sobre o
Vl Total"
Seq.,,Produto,,,Unidade,,,,,,,,,,,,
,,,,,,,Cl,,Custo Unitário,,Qtd Consumo,,Vl Custo Período,,Custo Acumulado,,
422,1915,,HIXIZINE 25MG COMP-HIDROXIZINA  ,COMP C/25MG,,C,,"1,6722",,10,,"16,72",,"387.892,94",,"0,00 %",
423,1371,,HYFREN 1MG/ML-1ML AMP EV-EPINEFRINA,AMP C/1MG,,,,"1,0489",,252,,"264,32",,"388.157,26",,"0,02 %",
424,106509,,HYPOCINA COMPOSTA 4/500MG/ML-5ML AMP EV/IM-ESCOP/DIPIRONA,AMPOLA,,,,"1,5853",,121,,"191,82",,"388.349,08",,"0,01 %",
425,2754,,HYPOVERIN 50MG/ML-2ML FR/AMP IM/EV-PAPAVERINA,FA C/100MG,,C,,"21,0662",,3,,"63,20",,"388.412,28",,"0,00 %",
426,97153,,HYQVIA 100MG/ML-50ML FR/AMP SC-IMUNOGLOBULINA(GELAD),FA C/5000MG,,C,,"2.047,9100",,15,,"30.718,65",,"419.130,93",,"2,40 %",
427,104339,,HYVIT K 10MG/ML-1ML AMP IM/SC-FITOMENADIONA(VIT K),AMP C/10MG,,,,"1,9494",,1,,"1,95",,"419.132,88",,"0,00 %",
428,1927,,IBUPROFENO 100MG/ML-20ML FR GTS MEDLEY,FRASC C/20ML,,,,"17,7228",,4,,"70,89",,"419.203,77",,"0,01 %",
429,1940,,IBUPROFENO 600MG COMP PRATI,COMP C/600MG,,,,"0,8649",,7,,"6,05",,"419.209,82",,"0,00 %",
430,91736,,IMFINZI 500MG/10ML FR/AMP EV-DURVALUMABE(GELAD),FA C/500MG,,,,"10.922,6125",,6,,"65.535,68",,"484.745,50",,"5,12 %",
431,12404,,IMOSEC 2MG COMP-LOPERAMIDA,COMP C/2MG,,C,,"0,8945",,34.5,,"30,86",,"484.776,36",,"0,00 %",
432,351,,IMURAN 50MG COMP-AZATIOPRINA,COMP C/50MG,,C,,"3,6713",,3,,"11,01",,"484.787,37",,"0,00 %",
433,1385,,INVANZ 1.000MG FR/AMP IM/EV-ERTAPENEM,FA C/1000MG,,C,,"214,2768",,4,,"857,11",,"485.644,48",,"0,07 %",
434,24369,,IOPAMIRON 300 612MG/ML-50ML FR/AMP EV(IOPAMIDOL),FA C/50ML,,,,"39,0000",,10,,"390,00",,"486.034,48",,"0,03 %",
435,181276,,"IPRATROPIO 0,25 MG/ML-20ML FR INAL GTS-PRATI",FRASC C/20ML,,,,"6,3703",,5,,"31,85",,"486.066,33",,"0,00 %",
436,20494,,IRINOTECANO 20MG/ML-5ML FR/AMP EV EUROFARMA(QT),FA C/100MG,,,,"51,0162",,7,,"357,11",,"486.423,44",,"0,03 %",
437,29383,,ISORDIL SUBLINGUAL 5MG COMP SL-ISOSSORBIDA DINITRATO,COMP C/5MG,,C,,"0,3250",,10,,"3,25",,"486.426,69",,"0,00 %",
438,2064,,ISOSSORBIDA MONONITRATO 20MG COMP BIOSINTETICA,COMP C/20MG,,,,"0,1981",,16,,"3,17",,"486.429,86",,"0,00 %",
439,103068,,JARDIANCE 10MG COMP REV-EMPAGLIFLOZINA,COMP C/10MG,,,,"3,8020",,4,,"15,21",,"486.445,07",,"0,00 %",
440,18683,,JARDIANCE 25MG COMP-EMPAGLIFLOZINA,COMP C/25MG,,C,,"6,9740",,1,,"6,97",,"486.452,04",,"0,00 %",
441,171186,,JEMPERLI 50 MG/ML-10 ML FR/AMP EV (DOSTARLIMABE),FA C/500MG,,,,"23.970,1800",,4,,"95.880,72",,"582.332,76",,"7,49 %",
442,703,,KEFADIM 1.000MG FR/AMP EV/IM-CEFTAZIDIMA,FA C/1000MG,,,,"17,7456",,4,,"70,98",,"582.403,75",,"0,01 %",
443,12412,,KEFLEX 50MG/ML-100ML FR-CEFALEXINA,FRASC C/100ML,,C,,"111,6307",,3,,"334,89",,"582.738,64",,"0,03 %",
444,716,,KEROXIME 750MG FR/AMP EV/IM-CEFUROXIMA,FA C/750MG,,,,"10,7986",,12,,"129,58",,"582.868,22",,"0,01 %",
445,1175,,KETAMIN 50MG/ML-2ML FR/AMP IM/EV-ESCETAMINA,FA C/100MG,,C,,"15,4614",,199,,"3.076,82",,"585.945,04",,"0,24 %",
446,33650,,KEYTRUDA 100MG-4ML FR/AMP EV-PEMBROLIZUMABE,FA C/100MG,,,,"11.278,8350",,8,,"90.230,68",,"676.175,72",,"7,04 %",
447,200195,,KIT CIRURGICO UNIVERSAL ESTERIL VIII HEALTH QUALITY-222294,UNIDADE,,,,"31,8222",,74,,"2.354,84",,"678.530,56",,"0,18 %",
448,201598,,KIT HEMODINAMICA DESCART ESTERIL STD FEMORAL-222295,UNIDADE,,,,"30,2313",,4,,"120,93",,"678.651,49",,"0,01 %",
449,44107,,KIT HIGIENE ORAL VENTILACAO MECANICA ADULTO DENTALLINE,UNIDADE,,C,,"3,3675",,100,,"336,75",,"678.988,24",,"0,03 %",
450,200201,,KIT ORTOPEDIA ESTERIL JOELHO STD-222301,UNIDADE,,,,"65,9934",,5,,"329,97",,"679.318,21",,"0,03 %",
451,8998,,KIT TRANSDUTOR PRESSAO ADULTO-PX260,UNIDADE,,C,,"66,5371",,15,,"998,06",,"680.316,26",,"0,08 %",
452,874,,KLARICID 50MG/ML-60ML FR SUSP-CLARITROMICINA,FRASC C/60ML,,C,,"68,0979",,11,,"749,08",,"681.065,34",,"0,06 %",
453,1036,,"KOLLAGENASE 0,6UI/G-30G BG POM TOP-COLAGENASE",BISN C/30G,,C,,"12,8657",,4,,"51,46",,"681.116,80",,"0,00 %",
454,415,,LABIRIN 8MG COMP-BETAISTINA,COMP C/8MG,,C,,"0,6903",,15,,"10,35",,"681.127,16",,"0,00 %",
455,208911,,LABREA 5 MG COMP REV(DONEPEZILA) ,COMP C/5MG,,,,"1,8077",,6,,"10,85",,"681.138,00",,"0,00 %",
456,1172,,LACRIMA PLUS 1/3MG/ML-15ML FR OFTAL-DEXTRANO/HIPROMELOSE,FRASC C/15ML,,C,,"38,5592",,8,,"308,47",,"681.446,48",,"0,02 %",
457,28392,,LAMINA BISTURI ACO CARBONO FEATHER N11,UNIDADE,,,,"2,1155",,20,,"42,31",,"681.488,79",,"0,00 %",
458,28393,,LAMINA BISTURI ACO CARBONO FEATHER N15,UNIDADE,,,,"2,1178",,30,,"63,53",,"681.552,32",,"0,00 %",
459,152908,,LAMINA BISTURI ACO CARBONO FEATHER N20-400420,UNIDADE,,,,"2,3071",,2,,"4,61",,"681.556,94",,"0,00 %",
,,,,,,,,,,,,,,,,,"% Sobre o
Vl Total"
Seq.,,Produto,,,Unidade,,,,,,,,,,,,
,,,,,,,Cl,,Custo Unitário,,Qtd Consumo,,Vl Custo Período,,Custo Acumulado,,
460,28394,,LAMINA BISTURI ACO CARBONO FEATHER N24-400424,UNIDADE,,,,"2,1200",,6,,"12,72",,"681.569,66",,"0,00 %",
461,34799,,LAMINA TESTE HEMOCHRON COAGULACAO ACTPLUS - 000JACT+(GELAD),UNIDADE,,C,,"19,4467",,8,,"155,57",,"681.725,23",,"0,01 %",
462,24085,,LAMINA TRICOMIZADOR ELETRICO 3M-9680,UNIDADE,,C,,"35,1671",,1,,"35,17",,"681.760,40",,"0,00 %",
463,9016,,LANCETA ACCUCHECK SAFE T PRO UNO-05888662200,UNIDADE,,C,,"0,1324",,836,,"110,70",,"681.871,09",,"0,01 %",
464,9018,,LENCOL HOSPITALAR DESCART PAPEL BRANCO 70CMX50M ROLO,UNIDADE,,C,,"14,1994",,50,,"709,97",,"682.581,06",,"0,06 %",
465,2144,,LEVOTAC 5MG/ML-100ML BOLSA SF EV LEVOFLOXACINO,BOLSA C/500MG,,C,,"15,8269",,14,,"221,58",,"682.802,64",,"0,02 %",
466,1390,,LEXAPRO 10MG COMP REV-ESCITALOPRAM,COMP C/10MG,,C,,"7,1658",,22,,"157,65",,"682.960,29",,"0,01 %",
467,68392,,LINEZOLIDA 2MG/ML-300ML BOLSA SF EV CRISTALIA,BOLSA C/600MG,,,,"23,8052",,61,,"1.452,12",,"684.412,40",,"0,11 %",
468,824,,LIPLESS 100MG COMP-CIPROFIBRATO,COMP C/100MG,,C,,"0,4704",,2,,"0,94",,"684.413,34",,"0,00 %",
469,94979,,LIPURO 1%-20ML AMP EV-PROPOFOL,AMP C/20ML,,,,"7,5042",,294,,"2.206,24",,"686.619,58",,"0,17 %",
470,74517,,LIPURO 1%-50ML FR/AMP EV-PROPOFOL,FA C/50ML,,,,"34,0163",,28,,"952,46",,"687.572,04",,"0,07 %",
471,201002,,LOKELMA 5G SACHE (ZIRCONIO SODICO),SACHE C/5G,,,,"49,9669",,67,,"3.347,78",,"690.919,82",,"0,26 %",
472,2242,,LORAZEPAM 2MG COMP EMS,COMP C/2MG,,C,,"0,1442",,4,,"0,58",,"690.920,40",,"0,00 %",
473,110014,,LORBRENA 100MG COMP REV-LORLATINIBE,COMP C/100MG,,,,"658,3600",,30,,"19.750,80",,"710.671,20",,"1,54 %",
474,44084,,LOSARTANA 50MG COMP REV GERMED,COMP C/50MG,,C,,"0,3491",,246,,"85,88",,"710.757,08",,"0,01 %",
475,27688,,LOSEC MUPS 10 MG COMP REV-OMEPRAZOL,COMPRIMIDO,,C,,"9,6884",,63,,"610,37",,"711.367,45",,"0,05 %",
476,179030,,"LUVA CIRURGICA ESTERIL C/PO LIVE PAR 6,5",UNIDADE,,,,"1,1701",,66,,"77,23",,"711.444,67",,"0,01 %",
477,179071,,"LUVA CIRURGICA ESTERIL C/PO LIVE PAR 7,0",UNIDADE,,,,"1,1840",,71,,"84,06",,"711.528,74",,"0,01 %",
478,179044,,"LUVA CIRURGICA ESTERIL C/PO LIVE PAR 7,5",UNIDADE,,,,"1,3822",,201,,"277,82",,"711.806,56",,"0,02 %",
479,179056,,"LUVA CIRURGICA ESTERIL C/PO LIVE PAR 8,0",UNIDADE,,,,"1,1430",,38,,"43,44",,"711.849,99",,"0,00 %",
480,179063,,"LUVA CIRURGICA ESTERIL C/PO LIVE PAR 8,5",UNIDADE,,,,"1,1517",,1,,"1,15",,"711.851,14",,"0,00 %",
481,109594,,LUVA PROCED N/EST NITRILO TAM G  CX C/100,UNIDADE,,,,"14,1123",,81,,"1.143,10",,"712.994,24",,"0,09 %",
482,109596,,LUVA PROCED N/EST NITRILO TAM M  CX C/100,UNIDADE,,,,"14,5161",,118,,"1.712,90",,"714.707,15",,"0,13 %",
483,109595,,LUVA PROCED N/EST NITRILO TAM P CX C/100,UNIDADE,,,,"14,3913",,116,,"1.669,39",,"716.376,54",,"0,13 %",
484,92112,,"MABTHERA 1.400MG/11,7ML FR/AMP SC-RITUXIMAB(GELAD)",FA C/1.400MG,,,,"9.262,9090",,3,,"27.788,73",,"744.165,26",,"2,17 %",
485,2583,,MACRODANTINA 100MG CAPS GEL-NITROFURANTOINA,CAPS C/100MG,,C,,"0,4318",,2,,"0,86",,"744.166,13",,"0,00 %",
486,10286,,"MAGNEN B6 722,2/1MG COMP REV-MAGNESIO/PIRIDOXINA",COMPRIMIDO,,C,,"3,7912",,11,,"41,70",,"744.207,83",,"0,00 %",
487,34000,,MANITOL 20%-250ML FR SF BAXTER,FRASC C/250ML,,,,"10,1594",,6,,"60,96",,"744.268,79",,"0,00 %",
488,9091,,MANTA TERMICA AD MEMBRO INFERIOR BAIR HUGGER 91X152CM-52500,UNIDADE,,C,,"34,3437",,3,,"103,03",,"744.371,82",,"0,01 %",
489,32212,,MANTA TERMICA AD MEMBRO SUPERIOR BAIR HUGGER-62200,UNIDADE,,C,,"29,7100",,9,,"267,39",,"744.639,21",,"0,02 %",
490,9094,,MANTA TERMICA AD UNDERBOD INTEIRA BAIR HUGGER 221X91CM-63500,UNIDADE,,C,,"118,3504",,1,,"118,35",,"744.757,56",,"0,01 %",
491,148134,,MASCARA CIRURGICA DESCARTAVEL TRIPLA C/ELASTICO,UNIDADE,,,,"0,0906",,2750,,"249,14",,"745.006,70",,"0,02 %",
492,20587,,MASCARA LARINGEA DESCART AURAONCE 4 50-70KG-321400000,UNIDADE,,,,"52,5565",,2,,"105,11",,"745.111,81",,"0,01 %",
493,178299,,MASCARA OXIGENIO ALTA CONCENTRACAO ADULTO FOYOMED-LB131005,UNIDADE,,,,"8,1332",,2,,"16,27",,"745.128,08",,"0,00 %",
494,178300,,MASCARA OXIGENIO ALTA CONCENTRACAO PED FOYOMED-LB131012,UNIDADE,,,,"8,0999",,4,,"32,40",,"745.160,48",,"0,00 %",
,,,,,,,,,,,,,,,,,"% Sobre o
Vl Total"
Seq.,,Produto,,,Unidade,,,,,,,,,,,,
,,,,,,,Cl,,Custo Unitário,,Qtd Consumo,,Vl Custo Período,,Custo Acumulado,,
495,22374,,"MAXIDEX 1,0MG/ML-5ML FR OFTAL-DEXAMETASONA",FRASC C/5ML,,C,,"8,2805",,3,,"24,84",,"745.185,32",,"0,00 %",
496,2297,,MERONEM 1.000MG FR/AMP EV-MEROPENEM,FA C/1000MG,,C,,"63,7862",,107,,"6.825,12",,"752.010,44",,"0,53 %",
497,2298,,MEROPENEM 1.000MG FR/AMP EV ABL,FA C/1000MG,,,,"16,5000",,67,,"1.105,50",,"753.115,94",,"0,09 %",
498,105062,,METILDOPA 250MG COMP REV EMS,COMP C/250MG,,,,"0,9030",,4,,"3,61",,"753.119,56",,"0,00 %",
499,57579,,METILPREDNISOLONA SUCCINATO SOD 125MG FR/AMP IM/EV BLAU,FA C/125MG,,,,"13,5312",,58,,"784,81",,"753.904,37",,"0,06 %",
500,150686,,METRONACK 5MG/ML-100ML FR EV (METRONIDAZOL),FRASC C/500MG,,,,"3,3500",,77,,"257,95",,"754.162,32",,"0,02 %",
501,35898,,METRONIDAZOL 250MG COMP REV PRATI,COMP C/250MG,,C,,"0,2776",,18,,"5,00",,"754.167,32",,"0,00 %",
502,197052,,MILRINONA 1MG/ML-10ML FR/AMP MANIPULADO,AMP C/10MG,,,,"37,5312",,2,,"75,06",,"754.242,38",,"0,01 %",
503,785,,MIOSAN 5MG COMP-CICLOBENZAPRINA,COMP C/5MG,,C,,"1,6509",,84,,"138,68",,"754.381,06",,"0,01 %",
504,2153,,MIRENA 52MG VAG ENDOCEPTIVO DIU-LEVONORGESTREL,UNIDADE,,C,,"909,4605",,3,,"2.728,38",,"757.109,44",,"0,21 %",
505,2255,,MUVINLAX 14G SACHE-MACROG/BIC SODIO/CLOR POT/CLOR SODIO,SACHE,,C,,"2,8426",,94,,"267,21",,"757.376,64",,"0,02 %",
506,2399,,MYCAMINE 100MG FR/AMP EV-MICAFUNGINA,FA C/100MG,,C,,"239,1417",,8,,"1.913,13",,"759.289,78",,"0,15 %",
507,11671,,MYLANTA PLUS 80/80/6MG/ML-240ML FR-HIDR ALUMIN/MAG/SIMET,FRASC C/240ML,,C,,"46,6411",,1,,"46,64",,"759.336,42",,"0,00 %",
508,2317,,MYTEDOM 10MG/ML-1ML AMP IM-METADONA,AMP C/10MG,,C,,"5,7904",,2,,"11,58",,"759.348,00",,"0,00 %",
509,2319,,MYTEDON 10MG COMP-METADONA,COMP C/10MG,,C,,"1,5963",,1,,"1,60",,"759.349,60",,"0,00 %",
510,12427,,"NARCAN 0,4MG/ML-1ML AMP IM/EV-NALOXONA","AMP C/0,4MG",,C,,"8,6955",,7,,"60,87",,"759.410,46",,"0,00 %",
511,1970,,"NATRILIX SR 1,5MG COMP REV-INDAPAMIDA","COMP C/1,5MG",,C,,"1,1597",,7,,"8,12",,"759.418,58",,"0,00 %",
512,3204,,NATURETTI CAPS GEL-SENNE/CASSIA/TAMARINDUS/ASSOCIACOES,CAPSULA,,C,,"1,9818",,20,,"39,64",,"759.458,22",,"0,00 %",
513,564,,"NEOCAINA 0,5%-20ML FR/AMP EV-BUPIVACAINA",FA C/100MG,,C,,"19,9922",,2,,"39,98",,"759.498,20",,"0,00 %",
514,558,,"NEOCAINA PESADA 0,5%-4ML AMP-BUPIVACAINA/GLICOSE",AMPOLA,,C,,"6,5272",,5,,"32,64",,"759.530,84",,"0,00 %",
515,17270,,"NEULASTIM 10MG/ML-0,6ML SER PREEN SC-PEGFILGRASTIM(GELAD)",SERINGA PREEN,,C,,"1.117,6612",,4,,"4.470,64",,"764.001,48",,"0,35 %",
516,2099,,NEURAL 50 MG COMP(LAMOTRIGINA),COMP C/50MG,,,,"0,6313",,7,,"4,42",,"764.005,90",,"0,00 %",
517,216663,,"NEVRIX IM 50/50/2,5 MG/ML-2ML AMP IM(TIAMI/PIRIDOX/CIANO)",AMPOLA,,,,"9,7811",,7,,"68,47",,"764.074,37",,"0,01 %",
518,1318,,"NILPERIDOL 2,5/0,0785MG/ML-2ML AMP IM/EV-DROPERID/FENTANILA",AMPOLA,,C,,"12,9703",,4,,"51,88",,"764.126,25",,"0,00 %",
519,2527,,NIQUITIN 21MG ADES TRASND TOP-NICOTINA,UNIDADE,,C,,"16,6523",,1,,"16,65",,"764.142,90",,"0,00 %",
520,37050,,NISTATINA/OX ZINCO 100.000UI/200MG/G-60G BG POM TOP EMS,BISN C/60G,,C,,"8,9908",,21,,"188,81",,"764.331,71",,"0,01 %",
521,2594,,NITROPRUS 50MG FR/AMP EV-NITROPRUSSETO,FA C/50MG,,C,,"22,6585",,3,,"67,98",,"764.399,68",,"0,01 %",
522,3368,,NOLVADEX 20MG COMP REV-TAMOXIFENO,COMP C/20MG,,,,"3,1667",,30,,"95,00",,"764.494,68",,"0,01 %",
523,2363,,NOPROSIL 5MG/ML-2ML AMP IM/EV-METOCLOPRAMIDA,AMP C/10MG,,C,,"0,5619",,74,,"41,58",,"764.536,27",,"0,00 %",
524,47349,,NOREPINEFRINA 2MG/ML-4ML AMP EV HYPOFARMA,AMP C/8MG,,,,"1,9200",,558,,"1.071,35",,"765.607,61",,"0,08 %",
525,3159,,NORIPURUM 20MG/ML-5ML AMP EV-SACARATO HIDROX FERRICO,AMP C/100MG,,C,,"19,4512",,2,,"38,90",,"765.646,52",,"0,00 %",
526,36413,,NOVOLIN N 100UI/ML-10ML FR/AMP SC-INSULINA NPH(GELAD),FA C/ 1000UI,,C,,"298,3466",,2,,"596,69",,"766.243,21",,"0,05 %",
527,199068,,NOVOLIN R 100UI/ML-10ML FR/AMP SC/EV/IM-INSUL HUM REG(GELAD),FA C/ 1000UI,,,,"119,3067",,1,,"119,31",,"766.362,52",,"0,01 %",
528,97774,,OCTAPLEX 500UI FR/AMP EV-FATOR II/VII/IX/X,FA C/ 500UI,,,,"854,6363",,3,,"2.563,91",,"768.926,42",,"0,20 %",
529,205643,,"OCTRIDE 0,10 MG/ML-1 ML AMP EV/SC(OCTREOTIDA) (GELAD)","AMP C/0,1MG",,,,"64,4193",,6,,"386,52",,"769.312,94",,"0,03 %",
530,31813,,OLIG-TRAT 2ML AMP EV-ZINCO/CUPRICO/MANGAN/CROMIC,AMPOLA,,,,"9,1526",,1,,"9,15",,"769.322,09",,"0,00 %",
531,2662,,OMEPRAZOL 40MG FR/AMP EV ,FA C/40MG,,,,"9,5512",,111,,"1.060,18",,"770.382,27",,"0,08 %",
,,,,,,,,,,,,,,,,,"% Sobre o
Vl Total"
Seq.,,Produto,,,Unidade,,,,,,,,,,,,
,,,,,,,Cl,,Custo Unitário,,Qtd Consumo,,Vl Custo Período,,Custo Acumulado,,
,,,CRISTALIA,,,,,,,,,,,,,,
532,170650,,"ONCOKIT ACESSO MINILOC 20G 19MM 7,0-60104200101",UNIDADE,,,,"66,3996",,42,,"2.788,78",,"773.171,05",,"0,22 %",
533,170675,,"ONCOKIT ACESSO MINILOC 20G 19MM 7,5-60104300101",UNIDADE,,,,"66,2947",,13,,"861,83",,"774.032,89",,"0,07 %",
534,109540,,ONDANSETRONA 2MG/ML-2ML AMP EV/IM HYPOFARMA,AMP C/4MG,,,,"1,1000",,13,,"14,30",,"774.047,19",,"0,00 %",
535,57323,,ONDANSETRONA 2MG/ML-4ML AMP EV/IM HYPOFARMA,AMP C/8MG,,C,,"4,3176",,668,,"2.884,13",,"776.931,32",,"0,23 %",
536,41551,,OPDIVO 10MG/ML-4ML FR/AMP EV-NIVOLUMABE(GELAD),FA C/40MG,,,,"2.649,9990",,20,,"52.999,98",,"829.931,30",,"4,14 %",
537,212989,,OPDUALAG 12/4 MG/ML-20ML FR/AMP EV(NIVOlumabe/RELATLImabe),FA C/20ML,,,,"28.539,8500",,2,,"57.079,70",,"887.011,00",,"4,46 %",
538,3696,,OSCAL D 500MG/400UI COMP REV-VIT D3/CARBONATO CALCIO,COMPRIMIDO,,C,,"2,4388",,4,,"9,76",,"887.020,76",,"0,00 %",
539,136836,,OSELTAMIVIR 75MG CAPS DURA NATCOFARMA,CAPS C/75MG,,,,"18,5976",,81,,"1.506,41",,"888.527,16",,"0,12 %",
540,32382,,OXACILINA 500MG FR/AMP IM/EV BLAU,FA C/500MG,,,,"3,9396",,86,,"338,80",,"888.865,97",,"0,03 %",
541,161237,,"PALOCYT 0,05 MG/ML-5 ML FR/AMP EV (PALONOSETRONA)","FA C/0,25MG",,,,"267,0352",,2,,"534,07",,"889.400,04",,"0,04 %",
542,2605,,PAMELOR 25MG CAPS GEL-NORTRIPTILINA,CAPS C/25MG,,C,,"1,7131",,2,,"3,43",,"889.403,46",,"0,00 %",
543,2988,,PAMERGAN 25MG/ML-2ML AMP IM-PROMETAZINA,AMP C/50MG,,,,"3,4941",,8,,"27,95",,"889.431,42",,"0,00 %",
544,28761,,PANTOCAL 4MG/ML-10ML FR/AMP EV-PANTOPRAZOL,FA C/40MG,,C,,"10,8660",,297,,"3.227,20",,"892.658,62",,"0,25 %",
545,208826,,PANTOPRAZOL 40MG COMP REV ACHE,COMP C/40MG,,,,"0,3651",,380,,"138,75",,"892.797,37",,"0,01 %",
546,29528,,PAPEL ECOCARDIOGRAMA TERMOSSENSIVEL 50MM BOBINA-989803190381,UNIDADE,,C,,"28,9420",,6,,"173,65",,"892.971,02",,"0,01 %",
547,2782,,PARACETAMOL 750MG COMP EMS,COMP C/750MG,,,,"0,3092",,38,,"11,75",,"892.982,77",,"0,00 %",
548,1258,,PERIVASC 450/50MG COMP REV-DIOSMINA/HESPERIDINA,COMPRIMIDO,,C,,"2,7122",,25,,"67,80",,"893.050,57",,"0,01 %",
549,23674,,PERJETA 420MG FR/AMP EV-PERTUZUMABE(GELAD),FA C/ 420MG,,,,"14.515,0655",,1,,"14.515,07",,"907.565,64",,"1,13 %",
550,48056,,PERNEIRA COMPRESSAO ATE A COXA EXPRESS TAM M-73012,UNIDADE,,C,,"195,6207",,14,,"2.738,69",,"910.304,33",,"0,21 %",
551,167128,,PHESGO 600/600 MG- 10 ML FR/AMP SC(PERTUZUMABE/TRASTUZUMABE),FRASC C/10ML,,,,"14.858,3396",,1,,"14.858,34",,"925.162,67",,"1,16 %",
552,1673,,PHOSFOENEMA 160/60MG-130ML FR RETAL-FOSF SODIO MONO/DIBASICO,FRASCO,,C,,"6,9043",,12,,"82,85",,"925.245,52",,"0,01 %",
553,208637,,PIPERACILINA/TAZOBACTAM 4.000/500 MG FR/AMP EV-EUGIA,FRASCO/AMPOL,,,,"12,8012",,106,,"1.356,93",,"926.602,45",,"0,11 %",
554,2854,,PIPERACILINA/TAZOBACTAM 4G/500MG FR/AMP EV EUROFARMA,FRASCO/AMPOL,,C,,"16,0231",,1,,"16,02",,"926.618,47",,"0,00 %",
555,16551,,PLASMA LYTE 500ML BOLSA SF EV-CLOR SODIO/GLIC SODIO/ASSOC,BOLSA C/500ML,,C,,"22,6347",,20,,"452,69",,"927.071,17",,"0,04 %",
556,93318,,POEMMY 50MG/ML-5ML SER PREEN IM-FULVESTRANTO(GELAD),SERINGA PREEN,,,,"211,5150",,2,,"423,03",,"927.494,20",,"0,03 %",
557,12453,,"POLARAMINE 0,4MG/ML-120ML FR XPE-DEXCLORFENIRAMINA",FRASC C/120ML,,C,,"24,4648",,10,,"244,65",,"927.738,85",,"0,02 %",
558,208095,,PREBICTAL 75 MG CAPS (PREGABALINA) ,CAPS C/75MG,,,,"1,9735",,31,,"61,18",,"927.800,03",,"0,00 %",
559,159982,,PREDNISOLONA FOSF SOD 3 MG/ML120 ML FR SOL-ACHE,FRASC C/120ML,,,,"21,7249",,11,,"238,97",,"928.039,00",,"0,02 %",
560,20778,,"PRIMOVIST 181,43MG/ML-10ML SER PREEN EV-GADOXETATO",SERINGA PREEN,,C,,"447,9564",,6,,"2.687,74",,"930.726,74",,"0,21 %",
561,2077,,PROCORALAN 5MG COMP REV-IVABRADINA,COMP C/5MG,,C,,"2,5212",,3,,"7,56",,"930.734,30",,"0,00 %",
562,2897,,PROCTYL 50/10MG/G-30G BG POM RET-POLICRESULENO/CINCHOCAIN,BISN C/30GR,,C,,"73,4262",,1,,"73,43",,"930.807,73",,"0,01 %",
563,2129,,PROLOPA 100/25MG COMP DISP-LEVODOPA/BENSERAZIDA,COMPRIMIDO,,,,"2,5066",,10,,"25,07",,"930.832,79",,"0,00 %",
564,409,,PRONTOSAN 350ML FR TOP-BETAINA,FRASC C/350ML,,C,,"91,9647",,3,,"275,89",,"931.108,69",,"0,02 %",
565,69628,,PROTAMINA 1.000UI/ML-5ML AMP EV-PROTAMINA CELLERA,AMP C/ 5000UI,,,,"3,8712",,16,,"61,94",,"931.170,63",,"0,00 %",
566,534,,"PULMICORT 0,5MG/ML-2ML FR INAL-",FRASC C/2ML,,C,,"11,7696",,81,,"953,33",,"932.123,96",,"0,07 %",
,,,,,,,,,,,,,,,,,"% Sobre o
Vl Total"
Seq.,,Produto,,,Unidade,,,,,,,,,,,,
,,,,,,,Cl,,Custo Unitário,,Qtd Consumo,,Vl Custo Período,,Custo Acumulado,,
,,,BUDESONIDA,,,,,,,,,,,,,,
567,12471,,PURAN T4 100MCG COMP-LEVOTIROXINA,COMP C/100MCG,,C,,"0,3923",,19,,"7,45",,"932.131,42",,"0,00 %",
568,41715,,"PURAN T4 12,5MCG COMP-LEVOTIROXINA","COMP C/12,5MC",,C,,"0,1818",,37,,"6,73",,"932.138,14",,"0,00 %",
569,12472,,PURAN T4 25MCG COMP-LEVOTIROXINA,COMP C/25MCG,,C,,"0,4747",,96,,"45,57",,"932.183,71",,"0,00 %",
570,2161,,PURAN T4 88MCG COMP-LEVOTIROXINA,COMP C/88MCG,,,,"0,5500",,32,,"17,60",,"932.201,31",,"0,00 %",
571,208632,,QUETIAPINA 100 MG COMP REV-BIOLAB,COMP C/100MG,,,,"0,4841",,12,,"5,81",,"932.207,12",,"0,00 %",
572,104650,,QUETIPIN 25MG COMP REV-QUETIAPINA,COMP C/25MG,,,,"0,5500",,67,,"36,85",,"932.243,97",,"0,00 %",
573,175124,,"REHIDRAT 50 NATURAL 7,340 G ENV (CLOR POT/CIT SOD/CLOR SOD)","ENV C/7,340G",,,,"10,9636",,23,,"252,16",,"932.496,13",,"0,02 %",
574,201140,,RELYON 2MG FR/AMP EV(REMIFENTANILA),FA C/2MG,,,,"12,8972",,31,,"399,81",,"932.895,95",,"0,03 %",
575,2426,,REMERON SOLTAB 15MG COMP ORODISP-MIRTAZAPINA,COMP C/15MG,,C,,"4,2209",,13,,"54,87",,"932.950,82",,"0,00 %",
576,1344,,RENITEC 20MG COMP-ENALAPRIL,COMP C/20MG,,C,,"2,0523",,3,,"6,16",,"932.956,97",,"0,00 %",
577,1346,,RENITEC 5MG COMP-ENALAPRIL,COMP C/5MG,,C,,"0,9372",,65,,"60,92",,"933.017,89",,"0,00 %",
578,3167,,REPOFLOR 100MG CAPS GEL-SACCHAROMYCES BOULARDII,CAPS C/100MG,,,,"1,7069",,24,,"40,96",,"933.058,86",,"0,00 %",
579,35275,,RESTIVA 5MG ADES TRANSD TOP-BUPRENORFINA,UNIDADE,,C,,"56,3069",,4,,"225,23",,"933.284,09",,"0,02 %",
580,201147,,REUQUINOL 400MG COMP REV-HIDROXICLOROQUINA,COMP C/400MG,,,,"2,7539",,34,,"93,63",,"933.377,72",,"0,01 %",
581,202769,,REVLIMID 5MG 21 CAPS (LENALIDOMIDA),CAPS C/5MG,,,,"291,3370",,21,,"6.118,08",,"939.495,79",,"0,48 %",
582,91567,,REVLIMID 5MG CAPS-LENALIDOMIDA,CAPSULA,,,,"844,4548",,21,,"17.733,55",,"957.229,34",,"1,38 %",
583,45209,,RINGER LACTATO 500ML SF ISENTO PVC HALEX ISTAR,FRASC C/500ML,,C,,"9,8299",,22,,"216,26",,"957.445,60",,"0,02 %",
584,44875,,RINGER LACTATO 500ML SF PVC B BRAUN,FRASC C/500ML,,,,"14,8000",,6,,"88,80",,"957.534,40",,"0,01 %",
585,10369,,RINGER LACTATO 500ML SF PVC BAXTER,FRASC C/500ML,,C,,"4,2055",,422,,"1.774,74",,"959.309,14",,"0,14 %",
586,34657,,RINGER SIMPLES 500ML SF ISENTO PVC B BRAUN,FRASC C/500ML,,C,,"3,2022",,7,,"22,42",,"959.331,56",,"0,00 %",
587,2993,,RITMONORM 300MG COMP REV-PROPAFENONA,COMP C/300MG,,C,,"1,2826",,66,,"84,65",,"959.416,21",,"0,01 %",
588,94262,,ROPI 10MG/ML-20ML FR/AMP-ROPIVACAINA,FA C/200MG,,,,"19,9952",,88,,"1.759,58",,"961.175,79",,"0,14 %",
589,73103,,ROSUVASTATINA 10MG COMP REV EMS,COMP C/10MG,,,,"0,2704",,223,,"60,30",,"961.236,09",,"0,00 %",
590,181802,,ROSUVASTATINA 10MG COMP REV-ATHAIA,COMP C/10MG,,,,"1,0195",,3,,"3,06",,"961.239,15",,"0,00 %",
591,14889,,SANDOGLOBULINA PRIVIGEN 5G-50ML FR/AMP EV-IMUNOGLOBULINA,FA C/5GR,,C,,"2.049,9301",,14,,"28.699,02",,"989.938,17",,"2,24 %",
592,205642,,SCALP INTRAVENOSO C/DISP SEG SAFER 21G-315167021,UNIDADE,,,,"1,2571",,294,,"369,60",,"990.307,77",,"0,03 %",
593,205641,,SCALP INTRAVENOSO C/DISP SEG SAFER 23G-315167023,UNIDADE,,,,"0,5508",,52,,"28,64",,"990.336,42",,"0,00 %",
594,2369,,SELOZOK 50MG COMP LIB CONT-METOPROLOL SUCC,COMP C/50MG,,C,,"1,4791",,84,,"124,25",,"990.460,66",,"0,01 %",
595,21122,,SENSOR DESCART NAO ADESIVO OXIMETRO NEO/PED/ADULTO-MAXN,UNIDADE,,C,,"99,9999",,137,,"13.699,99",,"1.004.160,66",,"1,07 %",
596,151133,,SENSOR MONITORIZACAO ADULTO CONOX-BRZ029061,UNIDADE,,,,"78,9030",,14,,"1.104,64",,"1.005.265,30",,"0,09 %",
597,1626,,SERETIDE 25/125MCG-120DOSES FR AER-FLUTICASONA/SALMETEROL,FRASC C/120DS,,C,,"130,3115",,1,,"130,31",,"1.005.395,61",,"0,01 %",
598,9280,,SERINGA DESCART 20ML LUER SLIP S/AGULHA-990173,UNIDADE,,C,,"0,6395",,4737,,"3.029,51",,"1.008.425,12",,"0,24 %",
599,9281,,SERINGA DESCART 3ML LUERLOCK S/AGULHA-990174,UNIDADE,,C,,"0,2212",,1069,,"236,47",,"1.008.661,59",,"0,02 %",
600,9283,,SERINGA DESCART 5ML LUERLOCK S/AGULHA-990175,UNIDADE,,C,,"0,3100",,521,,"161,50",,"1.008.823,08",,"0,01 %",
601,9294,,SERINGA DESCART 60ML BOMBA OPTISTAR LE-801801,UNIDADE,,C,,"37,7796",,24,,"906,71",,"1.009.729,79",,"0,07 %",
602,60411,,SERINGA DESCART BICO CATETER S/AGULHA 50ML-303553,UNIDADE,,C,,"5,2902",,6,,"31,74",,"1.009.761,53",,"0,00 %",
,,,,,,,,,,,,,,,,,"% Sobre o
Vl Total"
Seq.,,Produto,,,Unidade,,,,,,,,,,,,
,,,,,,,Cl,,Custo Unitário,,Qtd Consumo,,Vl Custo Período,,Custo Acumulado,,
603,100065,,SERINGA DESCART GUERBET LUER SLIP C/SPIKE 200ML-800096S,UNIDADE,,,,"38,8599",,34,,"1.321,24",,"1.011.082,77",,"0,10 %",
604,60415,,SERINGA DESCART LUER LOCK S/AGULHA 50ML-303552,UNIDADE,,C,,"4,0265",,80,,"322,12",,"1.011.404,89",,"0,03 %",
605,9278,,SERINGA DESCART LUER SLIP S/AGULHA 1ML-990189,UNIDADE,,C,,"0,2861",,393,,"112,45",,"1.011.517,35",,"0,01 %",
606,9276,,SERINGA DESCART S/AGULHA LUERLOCK 10ML-990172,UNIDADE,,C,,"0,3611",,2350,,"848,66",,"1.012.366,00",,"0,07 %",
607,206467,,SERINGA DESCARTAVEL 20ML BICO LUER LOCK S/AG-SS20LM,UNIDADE,,,,"8,2375",,44,,"362,45",,"1.012.728,45",,"0,03 %",
608,44522,,SERINGA DOSADORA ORAL WILTEX 10ML-OSY1410U,UNIDADE,,C,,"0,9585",,5,,"4,79",,"1.012.733,25",,"0,00 %",
609,105487,,SERINGA DOSADORA ORAL WILTEX 20ML-OSY1420U,UNIDADE,,,,"1,2889",,1,,"1,29",,"1.012.734,54",,"0,00 %",
610,188839,,"SERINGA FREKA CONNECT ENFIT/PRONEO 1,0ML-BRL9000788LDT",UNIDADE,,,,"1,7700",,2,,"3,54",,"1.012.738,08",,"0,00 %",
611,188842,,SERINGA FREKA CONNECT ENFIT/PRONEO 10ML-BRL9000784S,UNIDADE,,,,"2,9000",,85,,"246,50",,"1.012.984,58",,"0,02 %",
612,188840,,"SERINGA FREKA CONNECT ENFIT/PRONEO 2,5ML-BRL9000782LDT",UNIDADE,,,,"1,9668",,112,,"220,28",,"1.013.204,86",,"0,02 %",
613,188843,,SERINGA FREKA CONNECT ENFIT/PRONEO 20ML-BRL9000785S,UNIDADE,,,,"3,9500",,8,,"31,60",,"1.013.236,46",,"0,00 %",
614,188844,,SERINGA FREKA CONNECT ENFIT/PRONEO 60ML-BRL9000786S,UNIDADE,,,,"4,9069",,82,,"402,36",,"1.013.638,82",,"0,03 %",
615,188837,,SERINGA INJECTOMAT 50ML-BRLM93000010,UNIDADE,,,,"5,3934",,163,,"879,13",,"1.014.517,95",,"0,07 %",
616,37493,,SERINGA PREENCHIDA SOL CLORETO SODIO POSIFLUSH 10ML-306565,UNIDADE,,C,,"1,6295",,8664,,"14.118,03",,"1.028.635,98",,"1,10 %",
617,19918,,SEVONESS 250ML FR INAL-SEVOFLURANO,FRASC C/250ML,,C,,"339,1912",,2.97056,,"1.007,59",,"1.029.643,57",,"0,08 %",
618,209247,,SIMETICONA 40 MG COMP-EMS,COMP C/40MG,,,,"0,3735",,49,,"18,30",,"1.029.661,87",,"0,00 %",
619,3238,,SIMETICONA 75MG/ML-15ML FR GTS EMS,FRASC C/15ML,,C,,"1,5653",,3,,"4,70",,"1.029.666,57",,"0,00 %",
620,44352,,SIMPONI 50MG-4ML FR/AMP EV-GOLIMUMABE(GELAD),FA C/50MG,,,,"4.730,5889",,5,,"23.652,94",,"1.053.319,51",,"1,85 %",
621,2455,,SINGULAIR 10MG COMP-MONTELUCASTE,COMP C/10MG,,C,,"2,2387",,3,,"6,72",,"1.053.326,23",,"0,00 %",
622,67170,,SINVASTATINA 20MG COMP REV SANDOZ,COMP C/20MG,,,,"0,1633",,38,,"6,21",,"1.053.332,43",,"0,00 %",
623,37729,,SKINAGE OLEO 100ML FR TOP-AGE/ASSOCIACOES,FRASC C/100ML,,C,,"7,6600",,3,,"22,98",,"1.053.355,41",,"0,00 %",
624,210977,,"SKYRIZI 150 MG/ML-2,4ML CARP SC(RISANQUIZUMABE)",CARPULE C/360,,,,"59.001,8575",,1,,"59.001,86",,"1.112.357,27",,"4,61 %",
625,923,,SLOW K 600MG DRG-CLORETO POTASSIO,DRAGEA,,C,,"0,8312",,14,,"11,64",,"1.112.368,91",,"0,00 %",
626,203717,,SOLUC PREENC INTRA ARTIC SYNOLIS VA 80/160 SER PREENC 4ML,UNIDADE,,,,"1.428,1354",,2,,"2.856,27",,"1.115.225,18",,"0,22 %",
627,47,,SOMALGIN CARDIO 100MG COMP REV-ACIDO ACETILSALICILICO,COMP C/100MG,,C,,"0,6632",,2,,"1,33",,"1.115.226,50",,"0,00 %",
628,131293,,SONDA ASPIRACAO TRAQUEAL 10FR FOYOMED-LB621010,UNIDADE,,,,"0,8556",,1,,"0,86",,"1.115.227,36",,"0,00 %",
629,9326,,SONDA ASPIRACAO TRAQUEAL 12 S/ VALVULA,UNIDADE,,C,,"0,6838",,292,,"199,68",,"1.115.427,04",,"0,02 %",
630,131296,,SONDA ASPIRACAO TRAQUEAL 14FR FOYOMED-LB621014,UNIDADE,,,,"0,8707",,3,,"2,61",,"1.115.429,65",,"0,00 %",
631,131289,,SONDA ASPIRACAO TRAQUEAL 6FR FOYOMED-LB621006,UNIDADE,,,,"0,8800",,1,,"0,88",,"1.115.430,53",,"0,00 %",
632,9321,,SONDA ASPIRACAO TRAQUEAL S/VALVULA N6,UNIDADE,,C,,"0,8035",,187,,"150,26",,"1.115.580,80",,"0,01 %",
633,206838,,"SONDA ENDOTRAQUEAL COMPER TIPO BARRIL C/BALAO 7,5MM-010075CB",UNIDADE,,,,"6,9629",,38,,"264,59",,"1.115.845,39",,"0,02 %",
634,159553,,SONDA FOLEY LATEX C/BALAO 2 VIAS 14FR-F01A021404,UNIDADE,,,,"4,8289",,24,,"115,89",,"1.115.961,28",,"0,01 %",
635,165339,,SONDA FOLEY LATEX C/BALAO 2 VIAS 16FR-F01A021610,UNIDADE,,,,"4,6196",,2,,"9,24",,"1.115.970,52",,"0,00 %",
636,36053,,SONDA GASTRICA FOUCHET BIOLEVINE 32FR 80CM-0039001,UNIDADE,,C,,"33,5782",,8,,"268,63",,"1.116.239,14",,"0,02 %",
637,188851,,SONDA NASOENTERAL ENFIT FREKA TUBE 12FR 120CM-,UNIDADE,,,,"29,9058",,3,,"89,72",,"1.116.328,86",,"0,01 %",
,,,,,,,,,,,,,,,,,"% Sobre o
Vl Total"
Seq.,,Produto,,,Unidade,,,,,,,,,,,,
,,,,,,,Cl,,Custo Unitário,,Qtd Consumo,,Vl Custo Período,,Custo Acumulado,,
,,,BRL7981829,,,,,,,,,,,,,,
638,9445,,SONDA NASOGASTRICA LEVINE PVC 16 LONGA 4F-NR16,UNIDADE,,C,,"1,3219",,1,,"1,32",,"1.116.330,18",,"0,00 %",
639,9446,,SONDA NASOGASTRICA LEVINE PVC 18 LONGA 4 FUROS,UNIDADE,,C,,"1,4263",,3,,"4,28",,"1.116.334,46",,"0,00 %",
640,9433,,SONDA NASOGASTRICA LEVINE PVC 20 LONGA 4 FUROS-266412,UNIDADE,,C,,"1,5990",,3,,"4,80",,"1.116.339,26",,"0,00 %",
641,136558,,SONDA PLASTICA URETRAL FOYOMED 12FR-LB661012,UNIDADE,,,,"0,9402",,1,,"0,94",,"1.116.340,20",,"0,00 %",
642,136568,,SONDA PLASTICA URETRAL FOYOMED 16FR-LB661016,UNIDADE,,,,"0,9374",,5,,"4,69",,"1.116.344,89",,"0,00 %",
643,136539,,SONDA PLASTICA URETRAL FOYOMED 4FR-LB661004,UNIDADE,,,,"0,9315",,5,,"4,66",,"1.116.349,54",,"0,00 %",
644,136542,,SONDA PLASTICA URETRAL FOYOMED 6FR-LB661006,UNIDADE,,,,"1,0170",,2,,"2,03",,"1.116.351,58",,"0,00 %",
645,136548,,SONDA PLASTICA URETRAL FOYOMED 8FR-LB661008,UNIDADE,,,,"0,9362",,2,,"1,87",,"1.116.353,45",,"0,00 %",
646,9475,,SONDA URETRAL PVC 10,UNIDADE,,C,,"0,8046",,3,,"2,41",,"1.116.355,86",,"0,00 %",
647,208075,,SOTALOL 160 MG COMP-SANDOZ,COMP C/160MG,,,,"1,7192",,3,,"5,16",,"1.116.361,02",,"0,00 %",
648,3462,,"SPIRIVA RESPIMAT 2,5MCG/DOSE-4ML FR-TIOTROPIO",FRASC C/60DS,,C,,"327,1787",,1,,"327,18",,"1.116.688,20",,"0,03 %",
649,208914,,SPOX 500.000 UI FR/AMP EV/IM/IT (POLIMIXINA B),FA C/ 500.000UI,,,,"12,8200",,10,,"128,20",,"1.116.816,40",,"0,01 %",
650,52369,,SUCCITRAT 100MG FR/AMP EV/IM-SUXAMETONIO,FA C/100MG,,,,"17,1455",,2,,"34,29",,"1.116.850,69",,"0,00 %",
651,3281,,SUCRAFILM 200MG/ML-10ML FLAC-SUCRALFATO,FLACONETE,,C,,"4,5638",,58,,"264,70",,"1.117.115,39",,"0,02 %",
652,208633,,SULBACTAM/AMPICILINA 1.000/2.000 MG FR/AMP IM/EV-EUGIA,FRASCO/AMPOL,,,,"9,6505",,134,,"1.293,16",,"1.118.408,55",,"0,10 %",
653,208634,,SULBACTAM/AMPICILINA 500/1.000 MG FR/AMP EV/IM-EUGIA,FRASCO/AMPOL,,,,"5,1094",,22,,"112,41",,"1.118.520,96",,"0,01 %",
654,3329,,SULFATO MAGNESIO 10%-10ML AMP EV ISOFARMA,AMP C/10ML,,C,,"0,9763",,73,,"71,27",,"1.118.592,23",,"0,01 %",
655,3331,,SULFATO MAGNESIO 50%-10ML AMP EV ISOFARMA,AMP C/10ML,,C,,"5,3598",,8,,"42,88",,"1.118.635,11",,"0,00 %",
656,3352,,SUMAX 50MG COMP-SUMATRIPTANA,COMP C/50MG,,C,,"12,2274",,3,,"36,68",,"1.118.671,79",,"0,00 %",
657,3349,,"SUMAX 6MG-0,5ML SER SC-SUMATRIPTANA",SERINGA PREEN,,C,,"76,9660",,7,,"538,76",,"1.119.210,55",,"0,04 %",
658,29127,,SWABS/LENCO ASSEPSIA TNT ALCOOL ISOPROP 70% SACHE-06023060S,UNIDADE,,,,"0,0540",,9400,,"507,71",,"1.119.718,27",,"0,04 %",
659,31794,,SYMBICORT 6/200MCG-120 DOSES FR AER C/INAL-FORMOTEROL/BUDESO,FRASC C/120DS,,,,"128,1258",,6,,"768,76",,"1.120.487,02",,"0,06 %",
660,12755,,SYNTHROID 88MCG COMP-LEVOTIROXINA,COMP C/88MCG,,C,,"0,4717",,1,,"0,47",,"1.120.487,49",,"0,00 %",
661,205649,,TACFEN 20 MG COMP REV (TAMOXIFENO),COMP C/20MG,,,,"0,4892",,60,,"29,35",,"1.120.516,84",,"0,00 %",
662,209486,,TALCO ESTERIL 10 G FR-MANIP,FRASCO,,,,"12,4000",,15,,"186,00",,"1.120.702,84",,"0,01 %",
663,22878,,TALCO ESTERIL 10G ENV(MANIPULADO),ENV C/10GR,,,,"45,7800",,10,,"457,80",,"1.121.160,64",,"0,04 %",
664,205879,,"TANDUO 0,5/0,4 MG CAPS (DUTASTERIDA/TANSULOSINA)",CAPSULA,,,,"2,9111",,6,,"17,47",,"1.121.178,11",,"0,00 %",
665,630,,TEGRETOL 200MG COMP-CARBAMAZEPINA,COMP C/200MG,,C,,"0,4995",,9,,"4,50",,"1.121.182,61",,"0,00 %",
666,3393,,TENOXICAM 20MG FR/AMP IM/EV CRISTALIA,FA C/20MG,,C,,"6,7309",,599,,"4.031,80",,"1.125.214,40",,"0,31 %",
667,205677,,TEVAOXALI 5 MG/ML-10 ML FR/AMP EV (OXALIPLATINA),FA C/50MG,,,,"66,5987",,9,,"599,39",,"1.125.813,79",,"0,05 %",
668,205678,,TEVAOXALI 5 MG/ML-20 ML FR/AMP EV (OXALIPLATINA),FA C/100MG,,,,"113,5264",,4,,"454,11",,"1.126.267,90",,"0,04 %",
669,33759,,TIAMINA(VIT B1) 100MG/ML-1ML AMP EV/IM(MANIPULADO),AMP C/100MG,,,,"1,7260",,39,,"67,31",,"1.126.335,21",,"0,01 %",
670,199239,,TIOCOLCHICOSIDEO 2MG/ML-2ML AMP IM-BLAU,AMP C/4MG,,,,"4,0309",,86,,"346,66",,"1.126.681,87",,"0,03 %",
671,44565,,TIRA GLICEMIA ACCU CHEK II-05942861136,UNIDADE,,C,,"0,8153",,300,,"244,59",,"1.126.926,46",,"0,02 %",
672,9516,,TIRA REAGENTE P/ TESTE GLICEMIA ACCU-CHEK ACTIVE-05144612033,UNIDADE,,C,,"0,5702",,50,,"28,51",,"1.126.954,97",,"0,00 %",
673,3488,,TOPIRAMATO 25MG COMP REV EMS,COMP C/25MG,,C,,"0,2341",,9,,"2,11",,"1.126.957,08",,"0,00 %",
,,,,,,,,,,,,,,,,,"% Sobre o
Vl Total"
Seq.,,Produto,,,Unidade,,,,,,,,,,,,
,,,,,,,Cl,,Custo Unitário,,Qtd Consumo,,Vl Custo Período,,Custo Acumulado,,
674,29292,,TORAGESIC 10MG COMP SL-TROMETAMINA CETOROLACO,COMP C/10MG,,,,"3,2099",,10,,"32,10",,"1.126.989,18",,"0,00 %",
675,3542,,TORAGESIC 30MG/ML-1ML AMP IM/EV-TROMETAMINA CETOROLACO,AMP C/30MG,,C,,"3,2770",,4,,"13,11",,"1.127.002,29",,"0,00 %",
676,36081,,TORGENA 2.000/500MG FR/AMP EV-CEFTAZIDIMA/AVIBACTAM,FRASCO/AMPOL,,C,,"526,5002",,21,,"11.056,50",,"1.138.058,79",,"0,86 %",
677,148251,,TORNEIRA 3 VIAS MANIFOLD SUNNY MEDICAL-SMMF50BO3BT,UNIDADE,,,,"24,0000",,1,,"24,00",,"1.138.082,79",,"0,00 %",
678,9517,,TORNEIRA INFUSAO 3 VIAS DISCOFIX C-16496C,UNIDADE,,C,,"2,3038",,595,,"1.370,75",,"1.139.453,54",,"0,11 %",
679,9521,,TOUCA DESCART TNT BRANCA C/ ELASTICO,UNIDADE,,C,,"0,0614",,200,,"12,29",,"1.139.465,83",,"0,00 %",
680,3502,,TRAMADON 50MG CAPS GEL DURA-TRAMADOL,CAPS C/50MG,,,,"1,0940",,2,,"2,19",,"1.139.468,02",,"0,00 %",
681,3500,,TRAMADON 50MG/ML-2ML AMP EV-TRAMADOL,AMP C/100MG,,,,"2,0504",,231,,"473,64",,"1.139.941,66",,"0,04 %",
682,112,,TRANSAMIN 50MG/ML-5ML AMP EV-ACIDO TRANEXAMICO,AMP C/250MG,,C,,"4,7612",,22,,"104,75",,"1.140.046,40",,"0,01 %",
683,2206,,TRAYENTA 5MG COMP REV-LINAGLIPTINA,COMP C/5MG,,C,,"7,4175",,3,,"22,25",,"1.140.068,66",,"0,00 %",
684,159540,,TRICIT 4%(40MG/ML)-3000ML BOLSA SF(CITRATO SODIO),BOLSA C/3000ML,,,,"215,8188",,2,,"431,64",,"1.140.500,29",,"0,03 %",
685,104301,,TRIDIL 5MG/ML-5ML AMP EV-NITROGLICERINA,AMP C/25MG,,,,"32,6310",,1,,"32,63",,"1.140.532,93",,"0,00 %",
686,2689,,TRILEPTAL 300MG COMP REV-OXCARBAZEPINA,COMP C/300MG,,C,,"2,6302",,3,,"7,89",,"1.140.540,82",,"0,00 %",
687,180963,,TRODELVY 200 MG FR/AMP EV (SACITUZUMABE GOVITECANA),FRASC C/200MG,,,,"7.674,7354",,4,,"30.698,94",,"1.171.239,76",,"2,40 %",
688,157363,,TUBO CONECTOR DESCART Y 2V 180CM-MRINJETSET,UNIDADE,,,,"38,7372",,36,,"1.394,54",,"1.172.634,30",,"0,11 %",
689,43086,,"TUBO ENDOTRAQUEAL ARAMADO C/BAL COMPER 4,5MM-020045C",UNIDADE,,C,,"22,5735",,5,,"112,87",,"1.172.747,16",,"0,01 %",
690,140553,,TUBO ENDOTRAQUEAL PVC C/BAL COMPER 7MM-010070CB,UNIDADE,,,,"6,5050",,38,,"247,19",,"1.172.994,36",,"0,02 %",
691,11384,,TUBO NASOTRAQUEAL PVC C/BAL PORTEX 6MM-100133060,UNIDADE,,C,,"62,2172",,1,,"62,22",,"1.173.056,57",,"0,00 %",
692,2759,,TYLEX 500/30MG COMP-PARACETAMOL/CODEINA,COMPRIMIDO,,C,,"2,7157",,15,,"40,74",,"1.173.097,31",,"0,00 %",
693,2768,,"TYLEX 500/7,5MG COMP-PARACETAMOL/CODEINA",COMPRIMIDO,,C,,"2,3205",,1,,"2,32",,"1.173.099,63",,"0,00 %",
694,1182,,UNI-DIAZEPAX 5MG/ML-2ML AMP EV-DIAZEPAM,AMP C/10MG,,C,,"0,9409",,3,,"2,82",,"1.173.102,45",,"0,00 %",
695,1336,,UNIFEDRINE 50MG/ML-1ML AMP EV/IM-EFEDRINA,AMP C/50MG,,C,,"3,9833",,18,,"71,70",,"1.173.174,15",,"0,01 %",
696,83972,,UNIMEDROL 125MG FR/AMP IM/EV-METILPREDNISOLONA SUCCINATO,FA C/125MG,,,,"9,4573",,15,,"141,86",,"1.173.316,01",,"0,01 %",
697,83975,,UNIMEDROL 500MG FR/AMP IM/EV-METILPREDNISOLONA SUCCINATO,FA C/500MG,,,,"22,0000",,14,,"308,00",,"1.173.624,01",,"0,02 %",
698,207907,,UNIREZ 10 MG/ML-5ML FR/AMP EV/IV(ROCURONIO),FA C/50MG,,,,"8,9361",,66,,"589,78",,"1.174.213,79",,"0,05 %",
699,20308,,UNIZINCO 4MG/ML-100ML TUTTI-FRUTTI FR ORAL-ZINCO,FRASC C/100ML,,C,,"27,8408",,2,,"55,68",,"1.174.269,47",,"0,00 %",
700,12804,,URBANIL 10MG COMP-CLOBAZAM,COMP C/10MG,,C,,"1,0109",,8,,"8,09",,"1.174.277,56",,"0,00 %",
701,116,,URSACOL 300MG COMP-ACIDO URSODESOXICOLICO,COMP C/300MG,,C,,"8,3199",,12,,"99,84",,"1.174.377,40",,"0,01 %",
702,3606,,VANCOMICINA 500MG FR/AMP EV ABL,FA C/500MG,,,,"5,6396",,284,,"1.601,63",,"1.175.979,03",,"0,13 %",
703,3532,,VASTAREL MR 35MG COMP LIB PROL-TRIMETAZIDINA,COMP C/35MG,,C,,"2,3761",,5,,"11,88",,"1.175.990,91",,"0,00 %",
704,36022,,VENCLEXTA 100MG COMP REV-VENETOCLAX,COMP C/100MG,,,,"366,2445",,120,,"43.949,33",,"1.219.940,25",,"3,43 %",
705,165992,,"VERAZO 3,5MG FR/AMP EV/SC (BORTEZOMIBE)(QT)","FA C/3,5MG",,,,"280,2564",,1,,"280,26",,"1.220.220,50",,"0,02 %",
706,140430,,VERZENIOS 100MG COMP REV-ABEMACICLIBE,COMP C/100MG,,,,"146,6151",,60,,"8.796,90",,"1.229.017,41",,"0,69 %",
707,22151,,VIDISIC GEL 2MG/G-10G TB GEL OFTAL-ACIDO POLIACRILICO,BISN C/10G,,C,,"30,2678",,44,,"1.331,78",,"1.230.349,19",,"0,10 %",
708,19148,,VIMPAT 100MG COMP REV-LACOSAMIDA,COMPRIMIDO,,C,,"7,4515",,19,,"141,58",,"1.230.490,77",,"0,01 %",
709,3103,,VIVERDAL 1MG COMP REV-RISPERIDONA,COMP C/1MG,,C,,"1,0902",,6,,"6,54",,"1.230.497,31",,"0,00 %",
710,206443,,"VOLARE 20 MG/0,2 ML SER SC(ENOXAPARINA)",SERINGA PREEN,,,,"9,9290",,27,,"268,08",,"1.230.765,39",,"0,02 %",
,,,,,,,,,,,,,,,,,,"% Sobre o
Vl Total"
,Seq.,,Produto,,,Unidade,,,,,,,,,,,,
,,,,,,,,Cl,,Custo Unitário,,Qtd Consumo,,Vl Custo Período,,Custo Acumulado,,
,711,208823,,"VOLARE 40 MG/0,4ML SER SC(ENOXAPARINA)",SERINGA PREEN,,,,"12,2058",,222,,"2.709,70",,"1.233.475,09",,"0,21 %",
,712,208824,,"VOLARE 60 MG/0,6ML SER SC(ENOXAPARINA)",SERINGA PREEN,,,,"18,0385",,8,,"144,31",,"1.233.619,40",,"0,01 %",
,713,201115,,"VOLARE 80 MG/0,8 ML SER SC(ENOXAPARINA)",SERINGA PREEN,,,,"24,0734",,43,,"1.035,16",,"1.234.654,55",,"0,08 %",
,714,20708,,VONAU FLASH 4MG COMP ORODISPERSIVEL-ONDANSETRONA,COMP C/4MG,,,,"2,0893",,33,,"68,95",,"1.234.723,50",,"0,01 %",
,715,30872,,VONAU FLASH 8MG COMP-ONDANSETRONA,COMP C/8MG,,C,,"2,6929",,40,,"107,71",,"1.234.831,21",,"0,01 %",
,716,214090,,VYLOY 100 MG FR/AMP EV(ZOLBETUXIMABE),FA C/100MG,,,,"3.158,7500",,9,,"28.428,75",,"1.263.259,96",,"2,22 %",
,717,212443,,VYNAXA 10 MG COMP REV(RIVAROXABANA),COMP C/10MG,,,,"0,5192",,4,,"2,08",,"1.263.262,04",,"0,00 %",
,718,156652,,WINDUZA 100MG FR/AMP SC-AZACITIDINA(QT),FA C/100MG,,,,"446,7629",,11,,"4.914,39",,"1.268.176,43",,"0,38 %",
,719,103002,,"XGEVA 120MG-1,7ML FR/AMP SC-DENOSUMABE",FA C/120MG,,,,"898,6575",,2,,"1.797,32",,"1.269.973,75",,"0,14 %",
,720,89811,,XOLAIR 150MG-1ML SER PREEN SC-OMALIZUMABE,SERINGA PREEN,,,,"2.494,7004",,2,,"4.989,40",,"1.274.963,15",,"0,39 %",
,721,2191,,XYLESTESIN 1%-20ML FR/AMP EV-LIDOCAINA,FA C/20ML,,C,,"7,4861",,56,,"419,22",,"1.275.382,37",,"0,03 %",
,722,29242,,XYLESTESIN 10%-50ML FR SPR TOP-LIDOCAINA,FRASC C/50ML,,C,,"52,9635",,8,,"423,71",,"1.275.806,08",,"0,03 %",
,723,2193,,XYLESTESIN 2%-10G SER PREEN ESTERIL TOP-LIDOCAINA,SERINGA PREEN,,C,,"17,9830",,75,,"1.348,73",,"1.277.154,80",,"0,11 %",
,724,2196,,XYLESTESIN 2%-20ML FR/AMP EV-LIDOCAINA,FA C/20ML,,C,,"7,1096",,155,,"1.101,99",,"1.278.256,79",,"0,09 %",
,725,32314,,XYLESTESIN 2%-30G BG GEL TOP-LIDOCAINA,BISN C/30GR,,C,,"6,1057",,69,,"421,30",,"1.278.678,09",,"0,03 %",
,726,2183,,XYLESTESIN C/VASO 2%-20ML FR/AMP EV-LIDOCAINA/EPINEFRINA,FRASC C/20ML,,C,,"8,0634",,7,,"56,44",,"1.278.734,53",,"0,00 %",
,727,715,,ZINNAT 500MG COMP REV (CEFUROXIMA),COMP C/500MG,,C,,"18,8051",,3,,"56,42",,"1.278.790,95",,"0,00 %",
,728,712,,ZINNAT 50MG/ML-70ML PO FR (CEFUROXIMA),FRASC C/70ML,,C,,"158,2410",,7,,"1.107,69",,"1.279.898,63",,"0,09 %",
,729,1813,,"ZOLADEX 3,6MG SER SC-GOSERELINA",SERINGA PREEN,,,,"371,9802",,2,,"743,96",,"1.280.642,59",,"0,06 %",
,730,23683,,ZOLIBBS 4MG-5ML FR/AMP EV-ACIDO ZOLEDRONICO,FA C/4MG,,,,"198,1499",,1,,"198,15",,"1.280.840,74",,"0,02 %",
,731,12913,,ZOLOFT 50MG COMP REV-SERTRALINA,COMP C/50MG,,C,,"3,8501",,5,,"19,25",,"1.280.859,99",,"0,00 %",
,732,196,,ZYLORIC 100MG COMP-ALOPURINOL,COMP C/100MG,,C,,"0,6000",,33,,"19,80",,"1.280.879,79",,"0,00 %",
,733,198,,ZYLORIC 300MG COMP-ALOPURINOL,COMP C/300MG,,C,,"1,7734",,32,,"56,75",,"1.280.936,54",,"0,00 %",
CI: Classificaçăo ABC do produto por Estoque,,,,,,,,,,,,,,,,,,
